pressure1,pressure2,pressure3,stress1,stress2,stress3,stress4,stress5,stress6,stress7,x,y,z
0.00,0.00,0.00,10678,10131,9952,10080,10560,10414,10230,0.0,-364.0,0.0
0.00,0.00,0.00,10677,10130,9953,10081,10560,10414,10231,0.0,-364.0,1.0
0.00,0.00,0.00,10677,10131,9952,10080,10560,10415,10231,-1.0,-364.0,0.0
0.00,0.00,0.00,10677,10132,9952,10080,10560,10414,10230,-1.0,-363.0,0.0
0.00,0.00,0.00,10678,10132,9951,10080,10561,10414,10231,-1.0,-364.0,0.0
0.00,0.00,0.00,10677,10132,9952,10080,10560,10415,10231,-1.0,-364.0,0.0
0,0.00,,10678,10132,9952,10080,10560,10415,10231,0.0,-364.0,0.0
0.00,0.00,0.00,10677,10132,9952,10080,10561,10415,10230,-1.0,-364.0,0.0
0.00,0.00,0.00,10677,10131,9952,10080,10560,10414,10230,-1.0,-364.0,0.0
0.00,0.00,0.00,10677,10131,9952,10080,10560,10414,10230,0.0,-363.0,0.0
0.00,0.00,0.00,10677,10131,9951,10081,10560,10415,10231,-1.0,-364.0,0.0
0.00,0.00,0.00,10678,10130,9952,10081,10560,10415,10230,0.0,-364.0,0.0
0.00,0.00,0.00,10677,10130,9952,10080,10561,10414,10231,-1.0,-364.0,0.0
0.00,0.00,0.00,10678,10131,9952,10081,10560,10415,10231,-1.0,-363.0,0.0
0.00,0.00,0.00,10678,10131,9951,10080,10560,10415,10231,0.0,-363.0,0.0
-0.04,0.00,-0.04,10677,10131,9950,10081,10560,10415,10231,-1.0,-364.0,0.0
-0.05,0.04,-0.00,10677,10132,9953,10081,10560,10415,10231,0.0,-363.0,0.0
-0.05,0.05,-0.00,10676,10131,9952,10080,10560,10415,10230,-1.0,-364.0,0.0
-0.05,0.00,-0.00,10677,10132,9952,10081,10560,10415,10231,-1.0,-364.0,0.0
-0.05,0.05,0.00,10677,10131,9952,10081,10560,10414,10231,-1.0,-364.0,0.0
-0.05,0.00,0.00,10677,10132,9952,10080,10561,10415,10231,-1.0,-364.0,0.0
-0.00,0.04,0.00,10676,10131,9952,10080,10561,10415,10230,-1.0,-364.0,0.0
-0.04,0.00,0.00,10677,10131,9951,10080,10561,10413,10231,0.0,-363.0,0.0
-0.00,0.00,0.00,10677,10131,9951,10081,10560,10414,10230,0.0,-363.0,0.0
0.09,0.00,-0.04,10677,10131,9953,10080,10560,10415,10231,-1.0,-363.0,0.0
-0.04,-0.04,-0.00,10678,10131,9952,10080,10560,10414,10231,-1.0,-364.0,0.0
-0.00,-0.00,-0.00,10677,10131,9952,10080,10560,10414,10232,-1.0,-364.0,0.0
-0.04,-0.04,-0.00,10677,10131,9952,10081,10560,10414,10231,0.0,-363.0,0.0
-0.09,-0.00,-0.04,10677,10131,9952,10080,10561,10414,10231,-1.0,-363.0,0.0
-0.05,0.04,-0.00,10677,10130,9952,10081,10560,10415,10231,0.0,-363.0,0.0
-0.05,0.00,-0.00,10678,10131,9952,10081,10560,10414,10231,-1.0,-364.0,0.0
-0.05,0.04,-0.00,10677,10132,9953,10081,10560,10414,10231,0.0,-363.0,0.0
-0.05,0.00,-0.00,10677,10132,9953,10081,10560,10414,10231,-1.0,-363.0,0.0
-0.05,0.09,-0.00,10677,10131,9952,10081,10560,10414,10231,0.0,-363.0,0.0
-0.05,0.05,-0.00,10677,10132,9952,10080,10560,10414,10231,-1.0,-364.0,0.0
-0.00,0.01,-0.00,10677,10131,9952,10082,10560,10414,10231,-1.0,-364.0,0.0
-0.04,0.00,0.04,10678,10132,9953,10081,10560,10414,10231,-1.0,-364.0,0.0
0.04,0.09,0.00,10678,10131,9952,10079,10560,10415,10230,0.0,-363.0,0.0
0.00,0.01,0.00,10677,10131,9952,10080,10560,10414,10231,0.0,-363.0,0.0
0.00,-0.04,0.04,10678,10130,9952,10081,10560,10414,10231,-1.0,-364.0,0.0
0.00,0.04,0.05,10678,10130,9952,10081,10560,10414,10231,0.0,-363.0,0.0
-0.04,-0.04,0.00,10678,10130,9952,10080,10560,10415,10231,0.0,-363.0,0.0
-0.00,-0.05,0.00,10678,10131,9951,10081,10560,10414,10231,0.0,-363.0,0.0
-0.00,-0.05,-0.04,10677,10131,9952,10080,10560,10415,10230,0.0,-363.0,0.0
0.09,-0.00,-0.05,10678,10131,9952,10081,10560,10414,10230,0.0,-363.0,0.0
0.10,0.04,-0.00,10678,10131,9951,10081,10560,10414,10231,0.0,-363.0,0.0
0.10,0.05,-0.00,10677,10131,9953,10081,10560,10414,10230,0.0,-363.0,0.0
0.19,0.05,-0.04,10678,10132,9953,10080,10560,10415,10231,0.0,-363.0,0.0
0.20,-0.04,-0.00,10678,10131,9952,10081,10560,10415,10231,-1.0,-363.0,0.0
0.29,-0.00,0.04,10677,10131,9952,10080,10560,10414,10231,-1.0,-363.0,0.0
0.47,0.04,0.00,10677,10131,9952,10080,10560,10414,10230,-1.0,-364.0,0.0
0.67,0.05,0.04,10677,10131,9952,10081,10560,10414,10230,-1.0,-363.0,0.0
0.82,0.05,0.00,10678,10131,9952,10080,10560,10413,10230,-1.0,-364.0,0.0
0.83,0.00,0.00,10678,10131,9950,10080,10561,10414,10230,-1.0,-364.0,1.0
0.88,-0.04,0.09,10677,10132,9952,10080,10560,10415,10230,-1.0,-363.0,0.0
0.97,0.04,0.01,10678,10131,9952,10081,10560,10415,10230,-1.0,-364.0,1.0
1.07,0.05,0.05,10678,10131,9951,10081,10560,10415,10231,-1.0,-363.0,1.0
1.17,0.05,0.00,10678,10131,9953,10080,10560,10415,10230,-1.0,-363.0,1.0
1.27,0.05,0.04,10678,10132,9952,10080,10561,10412,10230,-1.0,-364.0,1.0
1.37,0.00,0.05,10677,10131,9951,10080,10559,10415,10229,-1.0,-364.0,1.0
1.42,0.00,0.05,10678,10131,9951,10080,10560,10414,10230,0.0,-363.0,1.0
1.48,-0.04,0.05,10678,10131,9952,10080,10560,10415,10230,-1.0,-363.0,1.0
1.56,0.04,0.05,10677,10132,9950,10080,10560,10414,10229,1.0,-364.0,1.0
1.66,0.05,0.05,10677,10131,9952,10080,10559,10414,10229,0.0,-364.0,2.0
1.76,0.05,0.05,10677,10131,9951,10081,10560,10415,10229,0.0,-364.0,1.0
1.86,0.05,0.05,10677,10131,9951,10080,10560,10414,10230,0.0,-364.0,2.0
1.96,0.05,0.05,10677,10131,9952,10080,10561,10414,10229,0.0,-364.0,2.0
2.05,0.00,0.05,10677,10131,9950,10080,10560,10415,10229,0.0,-364.0,2.0
2.11,0.04,0.09,10677,10131,9951,10080,10560,10414,10228,0.0,-364.0,2.0
2.20,0.05,0.05,10678,10133,9950,10079,10560,10415,10228,0.0,-363.0,2.0
2.26,0.05,0.05,10677,10133,9951,10080,10560,10414,10227,1.0,-364.0,2.0
2.35,0.05,0.05,10677,10131,9951,10079,10560,10414,10227,1.0,-363.0,2.0
2.31,0.14,0.05,10677,10132,9951,10080,10560,10414,10228,1.0,-363.0,2.0
2.31,0.10,0.09,10677,10131,9952,10080,10560,10414,10227,1.0,-364.0,3.0
2.31,-0.03,0.05,10676,10131,9951,10080,10559,10414,10227,1.0,-364.0,3.0
2.35,0.04,0.09,10677,10131,9951,10080,10560,10414,10226,2.0,-363.0,3.0
2.23,0.00,0.05,10677,10131,9951,10080,10560,10414,10226,2.0,-364.0,3.0
2.30,0.04,0.05,10677,10131,9950,10080,10560,10414,10226,3.0,-363.0,3.0
2.18,0.05,0.00,10677,10131,9951,10080,10560,10414,10226,3.0,-363.0,3.0
2.25,0.14,0.04,10676,10131,9951,10080,10560,10414,10227,3.0,-363.0,3.0
2.26,0.01,0.05,10678,10131,9952,10080,10560,10414,10226,2.0,-364.0,3.0
2.30,0.10,0.04,10677,10131,9952,10080,10560,10414,10226,3.0,-363.0,3.0
2.22,0.05,0.05,10677,10131,9951,10080,10560,10415,10226,3.0,-363.0,3.0
2.21,0.05,0.05,10677,10132,9951,10080,10560,10414,10225,2.0,-364.0,3.0
2.21,0.09,0.05,10678,10131,9951,10080,10560,10414,10226,2.0,-364.0,3.0
2.12,0.01,0.05,10677,10132,9950,10080,10559,10414,10226,2.0,-364.0,4.0
2.11,0.09,0.09,10677,10132,9951,10080,10560,10413,10225,2.0,-364.0,3.0
2.11,0.05,0.05,10677,10133,9950,10081,10560,10414,10225,2.0,-364.0,3.0
2.07,0.05,0.05,10677,10131,9950,10079,10560,10414,10226,3.0,-363.0,4.0
2.07,0.05,0.05,10677,10131,9951,10079,10559,10415,10225,2.0,-364.0,4.0
2.11,0.05,0.05,10676,10131,9949,10080,10560,10414,10226,2.0,-364.0,4.0
2.02,0.05,0.05,10678,10132,9950,10080,10560,10415,10226,2.0,-363.0,4.0
2.02,0.05,0.18,10677,10132,9951,10080,10560,10414,10226,2.0,-363.0,3.0
1.97,0.05,0.15,10677,10131,9951,10080,10560,10414,10226,2.0,-364.0,4.0
1.97,0.05,0.10,10677,10131,9950,10079,10560,10414,10226,2.0,-364.0,3.0
1.97,0.09,0.05,10677,10132,9949,10081,10560,10414,10225,3.0,-363.0,3.0
1.83,0.10,0.09,10677,10132,9949,10080,10560,10415,10226,2.0,-364.0,4.0
1.60,0.10,0.05,10677,10131,9950,10080,10560,10415,10226,3.0,-363.0,4.0
1.49,0.10,0.05,10678,10131,9951,10080,10559,10414,10226,2.0,-364.0,4.0
1.34,0.05,0.09,10677,10132,9949,10080,10560,10414,10226,2.0,-364.0,4.0
1.15,0.05,0.19,10677,10131,9950,10080,10560,10414,10226,3.0,-364.0,4.0
0.98,0.00,0.05,10677,10132,9950,10080,10560,10414,10226,2.0,-364.0,3.0
1.03,0.04,0.01,10677,10132,9951,10080,10560,10414,10226,2.0,-364.0,3.0
1.08,0.05,0.04,10677,10132,9950,10080,10560,10414,10226,3.0,-364.0,3.0
1.13,0.05,0.05,10678,10131,9950,10080,10560,10415,10227,1.0,-364.0,3.0
1.09,0.05,0.05,10677,10131,9950,10080,10560,10414,10227,3.0,-363.0,3.0
1.13,0.05,0.09,10677,10131,9952,10080,10560,10414,10227,2.0,-363.0,3.0
1.13,0.00,0.05,10677,10132,9950,10080,10560,10414,10227,2.0,-363.0,3.0
1.17,0.04,0.05,10677,10131,9951,10080,10560,10414,10228,1.0,-364.0,3.0
1.18,0.00,0.00,10676,10132,9950,10080,10560,10414,10227,2.0,-363.0,3.0
1.22,0.04,0.04,10677,10133,9950,10080,10560,10415,10227,2.0,-363.0,3.0
1.23,0.05,0.05,10677,10132,9951,10080,10560,10414,10227,1.0,-363.0,3.0
1.23,0.05,0.05,10677,10131,9950,10080,10560,10414,10228,2.0,-363.0,3.0
1.23,0.05,0.05,10677,10131,9951,10081,10560,10414,10228,1.0,-363.0,2.0
1.32,0.05,0.05,10678,10131,9951,10080,10560,10414,10227,2.0,-363.0,2.0
1.37,0.05,0.00,10677,10131,9951,10080,10560,10414,10228,2.0,-363.0,2.0
1.33,0.05,0.04,10677,10132,9950,10080,10560,10413,10227,2.0,-363.0,3.0
1.50,0.05,0.05,10677,10131,9950,10080,10560,10414,10228,2.0,-363.0,3.0
1.52,0.05,0.05,10677,10131,9950,10080,10560,10414,10227,2.0,-363.0,3.0
1.61,0.05,0.00,10677,10132,9951,10080,10560,10415,10228,1.0,-364.0,2.0
1.84,0.05,0.09,10677,10132,9951,10081,10560,10414,10227,1.0,-363.0,2.0
1.96,0.04,0.04,10678,10131,9951,10080,10560,10414,10227,2.0,-363.0,3.0
2.14,0.00,0.00,10677,10132,9951,10080,10560,10414,10227,1.0,-363.0,3.0
2.29,0.04,0.09,10678,10132,9951,10080,10560,10414,10227,2.0,-363.0,3.0
2.53,0.09,0.05,10677,10131,9951,10080,10560,10414,10227,1.0,-363.0,4.0
2.64,0.05,0.05,10677,10131,9952,10080,10559,10414,10227,2.0,-363.0,3.0
2.83,0.05,0.09,10677,10131,9951,10080,10560,10415,10226,2.0,-363.0,3.0
3.03,0.05,0.10,10678,10132,9951,10080,10560,10414,10226,2.0,-363.0,3.0
3.09,0.05,0.05,10678,10132,9950,10080,10560,10415,10226,3.0,-363.0,4.0
3.23,0.00,0.05,10677,10131,9950,10079,10560,10414,10225,3.0,-363.0,4.0
3.33,0.04,0.05,10677,10132,9950,10080,10559,10414,10225,2.0,-363.0,4.0
3.47,0.05,0.05,10677,10132,9951,10079,10560,10414,10225,2.0,-363.0,4.0
3.62,0.09,0.05,10677,10132,9951,10080,10560,10414,10224,3.0,-363.0,4.0
3.64,0.10,0.05,10677,10132,9950,10079,10560,10414,10224,4.0,-363.0,4.0
3.73,0.10,0.05,10677,10132,9951,10080,10560,10413,10224,4.0,-363.0,5.0
3.91,0.14,0.05,10677,10132,9950,10079,10560,10414,10223,4.0,-363.0,5.0
4.02,0.10,0.09,10677,10133,9950,10079,10560,10414,10223,3.0,-363.0,5.0
4.12,0.05,0.05,10677,10131,9949,10080,10560,10414,10223,4.0,-363.0,5.0
4.31,0.09,0.01,10677,10132,9950,10079,10560,10414,10222,5.0,-363.0,5.0
4.32,0.10,0.04,10677,10131,9950,10079,10559,10414,10223,5.0,-363.0,5.0
4.41,0.10,0.05,10677,10132,9950,10079,10560,10413,10222,5.0,-363.0,7.0
4.56,0.10,0.05,10675,10132,9949,10079,10560,10414,10221,4.0,-363.0,6.0
4.57,0.05,0.05,10677,10132,9950,10079,10559,10414,10221,5.0,-363.0,6.0
4.79,0.09,0.05,10677,10132,9950,10079,10560,10414,10221,5.0,-363.0,6.0
4.82,0.10,0.05,10676,10132,9949,10079,10559,10414,10222,6.0,-363.0,6.0
4.99,0.10,0.05,10677,10132,9949,10079,10560,10414,10221,6.0,-363.0,6.0
5.10,0.10,0.05,10677,10132,9950,10079,10559,10414,10220,6.0,-363.0,6.0
5.20,0.10,0.09,10677,10132,9949,10080,10559,10414,10220,6.0,-363.0,7.0
5.25,0.10,0.10,10677,10132,9948,10079,10559,10414,10220,6.0,-363.0,7.0
5.35,0.10,0.10,10677,10132,9947,10079,10559,10413,10220,7.0,-363.0,7.0
5.36,0.14,0.10,10677,10131,9950,10078,10559,10413,10218,7.0,-363.0,7.0
5.45,0.15,0.10,10677,10132,9949,10079,10559,10414,10219,6.0,-363.0,7.0
5.59,0.15,0.10,10677,10132,9949,10078,10559,10414,10219,7.0,-363.0,7.0
5.60,0.10,0.10,10677,10132,9949,10078,10559,10414,10218,8.0,-363.0,7.0
5.60,0.14,0.14,10677,10133,9949,10079,10559,10415,10218,8.0,-363.0,8.0
5.43,0.10,0.15,10677,10132,9949,10078,10560,10414,10219,8.0,-363.0,8.0
5.45,0.10,0.10,10677,10132,9949,10078,10559,10413,10218,8.0,-363.0,8.0
5.41,0.10,0.10,10677,10132,9948,10077,10559,10413,10217,7.0,-363.0,8.0
5.36,0.10,0.28,10677,10131,9949,10078,10559,10413,10217,8.0,-363.0,8.0
5.36,0.10,0.07,10676,10132,9949,10079,10559,10413,10218,8.0,-363.0,8.0
5.49,0.10,0.14,10677,10133,9948,10079,10560,10413,10217,8.0,-363.0,9.0
5.31,0.14,0.14,10677,10132,9948,10079,10560,10414,10218,8.0,-363.0,9.0
5.40,0.10,0.10,10677,10132,9949,10078,10559,10413,10217,8.0,-363.0,9.0
5.41,0.10,0.05,10676,10131,9949,10078,10559,10414,10218,9.0,-363.0,9.0
5.50,0.14,0.14,10677,10132,9949,10078,10560,10413,10216,8.0,-363.0,9.0
5.51,0.10,0.10,10675,10131,9949,10078,10560,10413,10216,9.0,-363.0,9.0
5.59,0.10,0.10,10677,10132,9948,10078,10559,10413,10216,9.0,-363.0,9.0
5.65,0.10,0.10,10677,10132,9948,10079,10559,10413,10216,9.0,-363.0,9.0
5.65,0.10,0.10,10677,10132,9948,10078,10559,10413,10216,9.0,-363.0,9.0
5.70,0.14,0.10,10677,10132,9950,10078,10559,10414,10216,9.0,-363.0,9.0
5.75,0.10,0.10,10677,10132,9949,10078,10559,10414,10216,9.0,-363.0,9.0
5.75,0.05,0.05,10676,10132,9948,10078,10559,10413,10215,9.0,-363.0,9.0
5.71,0.09,0.05,10676,10131,9948,10077,10559,10414,10215,9.0,-363.0,9.0
5.84,0.14,0.09,10677,10132,9948,10078,10559,10413,10216,9.0,-363.0,9.0
5.89,0.06,0.10,10677,10132,9948,10078,10560,10413,10216,9.0,-363.0,10.0
5.90,0.09,0.10,10676,10132,9948,10078,10559,10414,10216,9.0,-363.0,9.0
5.86,0.05,0.10,10675,10132,9947,10078,10559,10413,10216,8.0,-363.0,10.0
5.89,0.09,0.10,10677,10132,9947,10078,10559,10413,10216,10.0,-363.0,10.0
5.99,0.05,0.10,10677,10132,9947,10077,10559,10413,10216,10.0,-363.0,9.0
6.04,0.05,0.10,10676,10132,9946,10078,10559,10413,10215,10.0,-363.0,10.0
6.18,0.09,0.10,10676,10132,9948,10078,10559,10414,10216,10.0,-363.0,10.0
6.14,0.05,0.14,10677,10132,9948,10077,10559,10413,10214,10.0,-363.0,10.0
6.19,0.05,0.10,10677,10132,9949,10078,10559,10413,10214,10.0,-363.0,10.0
6.24,0.05,0.14,10676,10132,9947,10077,10559,10413,10214,10.0,-363.0,10.0
6.38,0.05,0.24,10676,10132,9947,10078,10559,10413,10214,10.0,-363.0,10.0
6.48,0.05,0.11,10676,10133,9948,10078,10559,10413,10214,10.0,-363.0,10.0
6.53,0.14,0.10,10676,10132,9947,10077,10559,10414,10214,10.0,-363.0,10.0
6.54,0.10,0.05,10677,10133,9948,10078,10559,10413,10214,9.0,-363.0,11.0
6.63,0.01,0.14,10678,10132,9946,10078,10559,10413,10213,10.0,-363.0,11.0
6.68,0.00,0.15,10677,10131,9947,10078,10559,10412,10214,11.0,-363.0,11.0
6.73,0.09,0.10,10675,10132,9946,10078,10559,10413,10214,11.0,-363.0,11.0
6.78,0.14,0.10,10676,10132,9947,10077,10559,10413,10213,11.0,-363.0,11.0
6.78,0.06,0.14,10676,10133,9948,10078,10558,10413,10213,11.0,-363.0,11.0
6.87,0.05,0.06,10676,10132,9946,10078,10558,10413,10213,11.0,-363.0,11.0
6.88,0.09,0.09,10676,10132,9947,10078,10559,10413,10212,10.0,-364.0,11.0
6.97,0.05,0.14,10676,10132,9948,10078,10558,10413,10213,10.0,-363.0,11.0
6.98,0.05,0.10,10676,10132,9947,10077,10558,10413,10213,10.0,-363.0,11.0
7.03,0.05,0.10,10676,10132,9947,10077,10559,10413,10213,12.0,-363.0,12.0
7.07,0.05,0.10,10676,10133,9947,10077,10558,10413,10212,12.0,-363.0,12.0
7.12,0.09,0.10,10676,10133,9947,10078,10558,10412,10212,11.0,-363.0,12.0
7.22,0.14,0.10,10676,10132,9946,10077,10559,10413,10212,12.0,-363.0,12.0
7.13,0.05,0.10,10677,10132,9947,10077,10558,10413,10211,12.0,-363.0,12.0
7.13,0.09,0.14,10676,10133,9948,10077,10559,10413,10211,12.0,-363.0,12.0
7.17,0.05,0.10,10676,10132,9947,10078,10558,10413,10211,12.0,-363.0,12.0
7.27,0.18,0.23,10677,10132,9947,10076,10559,10413,10211,12.0,-363.0,13.0
7.23,0.06,0.16,10676,10132,9947,10076,10558,10414,10211,12.0,-363.0,13.0
7.36,0.09,0.15,10676,10132,9945,10077,10559,10413,10211,13.0,-363.0,13.0
7.33,0.10,0.15,10676,10132,9947,10078,10558,10413,10211,11.0,-363.0,13.0
7.41,0.05,0.10,10677,10132,9947,10077,10559,10414,10210,13.0,-363.0,13.0
7.38,0.05,0.14,10676,10132,9946,10077,10558,10413,10210,13.0,-363.0,13.0
7.33,0.05,0.15,10676,10132,9947,10076,10559,10412,10211,12.0,-363.0,13.0
7.41,0.09,0.15,10676,10132,9946,10077,10559,10414,10210,12.0,-363.0,13.0
7.42,0.10,0.15,10676,10132,9945,10077,10558,10413,10210,12.0,-363.0,13.0
7.47,0.10,0.10,10677,10132,9946,10077,10559,10412,10210,13.0,-363.0,13.0
7.47,0.05,0.10,10676,10132,9947,10077,10559,10413,10211,13.0,-363.0,13.0
7.52,0.05,0.10,10676,10132,9946,10076,10558,10413,10210,13.0,-363.0,13.0
7.57,0.05,0.10,10677,10132,9946,10076,10558,10412,10210,12.0,-363.0,13.0
7.57,0.09,0.10,10676,10132,9947,10077,10559,10413,10210,13.0,-363.0,13.0
7.62,0.05,0.19,10677,10132,9946,10077,10558,10413,10210,13.0,-363.0,13.0
7.71,0.09,0.11,10676,10131,9946,10077,10559,10411,10210,13.0,-363.0,14.0
7.63,0.05,0.14,10676,10132,9947,10077,10558,10413,10209,13.0,-363.0,13.0
7.67,0.09,0.10,10676,10132,9945,10077,10558,10413,10209,14.0,-363.0,13.0
7.80,0.05,0.10,10677,10132,9946,10077,10559,10413,10210,14.0,-363.0,15.0
7.95,0.05,0.14,10676,10132,9946,10077,10558,10413,10210,14.0,-363.0,14.0
7.96,0.09,0.19,10675,10132,9946,10076,10558,10413,10210,14.0,-363.0,14.0
8.05,0.05,0.15,10676,10132,9947,10076,10557,10413,10209,14.0,-363.0,14.0
8.11,0.09,0.15,10677,10133,9946,10077,10558,10412,10208,13.0,-363.0,14.0
8.16,0.05,0.10,10676,10132,9945,10077,10558,10413,10209,14.0,-363.0,14.0
8.29,0.09,0.10,10676,10132,9945,10077,10559,10413,10208,14.0,-363.0,14.0
8.26,0.10,0.19,10676,10132,9946,10077,10558,10413,10209,14.0,-363.0,14.0
8.30,0.05,0.15,10676,10132,9947,10076,10558,10412,10208,14.0,-363.0,14.0
8.35,0.09,0.10,10676,10133,9945,10077,10558,10413,10208,14.0,-363.0,14.0
8.36,0.05,0.10,10675,10132,9945,10077,10557,10413,10207,13.0,-363.0,15.0
8.45,0.01,0.14,10676,10132,9946,10076,10558,10413,10208,14.0,-363.0,15.0
8.54,0.09,0.10,10676,10132,9946,10076,10558,10413,10208,13.0,-363.0,15.0
8.46,0.05,0.19,10676,10133,9945,10076,10558,10412,10208,15.0,-363.0,15.0
8.50,0.01,0.11,10676,10132,9946,10076,10558,10413,10207,15.0,-363.0,15.0
8.55,0.04,0.14,10676,10132,9946,10076,10558,10412,10208,15.0,-363.0,15.0
8.60,0.05,0.10,10676,10132,9945,10077,10558,10413,10207,14.0,-363.0,16.0
8.65,0.09,0.14,10676,10133,9946,10077,10558,10413,10208,15.0,-363.0,15.0
8.74,0.05,0.15,10676,10132,9945,10076,10558,10413,10207,15.0,-363.0,15.0
8.70,0.09,0.15,10676,10133,9945,10077,10557,10413,10208,15.0,-363.0,16.0
8.70,0.05,0.10,10676,10132,9945,10077,10558,10413,10207,15.0,-363.0,16.0
8.75,0.09,0.19,10676,10132,9945,10077,10558,10413,10207,15.0,-363.0,15.0
8.79,0.14,0.11,10676,10133,9945,10077,10558,10413,10207,16.0,-363.0,15.0
8.76,0.19,0.10,10676,10132,9946,10076,10558,10411,10206,16.0,-363.0,16.0
8.84,0.02,0.10,10676,10132,9943,10077,10557,10412,10205,15.0,-363.0,16.0
8.89,0.05,0.14,10676,10132,9945,10076,10558,10412,10206,16.0,-363.0,16.0
8.94,0.05,0.15,10675,10133,9945,10076,10558,10412,10206,16.0,-363.0,16.0
8.95,0.09,0.15,10676,10133,9945,10076,10558,10412,10205,16.0,-363.0,16.0
9.04,0.05,0.15,10676,10132,9945,10076,10558,10412,10206,15.0,-363.0,16.0
9.04,0.05,0.15,10676,10132,9944,10075,10557,10413,10206,16.0,-362.0,16.0
9.05,0.05,0.10,10676,10133,9945,10076,10558,10413,10206,16.0,-362.0,16.0
9.09,0.09,0.14,10676,10132,9945,10076,10557,10414,10205,17.0,-363.0,16.0
9.14,0.05,0.19,10676,10133,9945,10076,10558,10412,10205,16.0,-362.0,16.0
9.10,0.01,0.24,10676,10132,9945,10076,10558,10412,10205,17.0,-363.0,16.0
9.14,0.04,0.20,10676,10133,9944,10077,10557,10412,10206,17.0,-363.0,16.0
9.19,0.05,0.11,10676,10133,9945,10076,10558,10412,10206,17.0,-362.0,17.0
9.19,0.00,0.14,10676,10132,9945,10077,10557,10412,10206,17.0,-363.0,17.0
9.19,0.04,0.06,10676,10132,9944,10076,10557,10413,10205,17.0,-363.0,17.0
9.24,0.09,0.14,10675,10133,9945,10077,10558,10412,10205,17.0,-363.0,17.0
9.25,0.05,0.10,10675,10132,9945,10076,10558,10412,10205,17.0,-362.0,17.0
9.29,0.00,0.14,10676,10133,9946,10076,10558,10412,10205,17.0,-363.0,17.0
9.47,0.04,0.15,10676,10132,9945,10075,10557,10413,10205,17.0,-363.0,17.0
9.53,0.05,0.15,10675,10132,9945,10076,10558,10413,10205,17.0,-363.0,17.0
9.63,0.09,0.15,10675,10132,9945,10075,10558,10413,10203,17.0,-363.0,17.0
9.72,0.05,0.15,10676,10132,9944,10076,10558,10412,10204,17.0,-362.0,17.0
9.73,0.05,0.10,10676,10131,9945,10075,10557,10412,10204,17.0,-362.0,17.0
9.87,0.00,0.14,10676,10133,9945,10076,10558,10413,10203,17.0,-362.0,17.0
9.92,0.04,0.15,10675,10132,9945,10075,10557,10413,10204,18.0,-362.0,19.0
9.97,0.09,0.15,10675,10132,9943,10076,10557,10412,10204,17.0,-363.0,18.0
9.98,0.01,0.15,10676,10132,9945,10076,10558,10412,10204,18.0,-362.0,18.0
10.02,0.00,0.15,10676,10133,9945,10075,10557,10412,10203,17.0,-363.0,18.0
10.07,0.04,0.15,10676,10133,9944,10075,10557,10412,10204,18.0,-363.0,18.0
10.08,0.00,0.15,10675,10133,9945,10075,10557,10413,10202,17.0,-362.0,18.0
10.08,0.09,0.15,10675,10131,9945,10076,10557,10413,10204,18.0,-362.0,18.0
10.17,0.05,0.15,10676,10133,9946,10076,10558,10413,10204,18.0,-362.0,18.0
10.18,0.01,0.19,10675,10132,9943,10075,10557,10412,10202,18.0,-362.0,19.0
10.22,0.00,0.15,10675,10133,9944,10075,10557,10412,10202,19.0,-363.0,18.0
10.23,0.04,0.15,10676,10132,9945,10076,10557,10412,10202,17.0,-363.0,19.0
10.27,0.00,0.15,10676,10132,9943,10075,10557,10412,10202,19.0,-363.0,19.0
10.42,0.00,0.14,10675,10133,9943,10075,10557,10413,10201,19.0,-363.0,19.0
10.38,-0.04,0.19,10675,10133,9945,10075,10557,10412,10202,19.0,-363.0,19.0
10.42,-0.00,0.15,10675,10132,9944,10076,10557,10412,10202,19.0,-363.0,19.0
10.47,-0.00,0.10,10675,10133,9943,10075,10558,10412,10202,19.0,-363.0,19.0
10.52,0.04,0.14,10676,10133,9945,10076,10558,10412,10202,19.0,-363.0,19.0
10.56,0.00,0.15,10676,10133,9944,10075,10556,10413,10201,19.0,-363.0,20.0
10.61,0.09,0.15,10675,10133,9944,10075,10558,10412,10202,18.0,-363.0,20.0
10.62,0.10,0.15,10675,10133,9944,10075,10558,10412,10201,19.0,-363.0,20.0
10.62,0.05,0.15,10675,10132,9943,10075,10557,10412,10201,19.0,-363.0,20.0
10.62,0.05,0.10,10676,10133,9943,10075,10557,10411,10201,20.0,-362.0,20.0
10.66,0.05,0.14,10675,10132,9944,10075,10557,10412,10202,20.0,-362.0,20.0
10.71,0.05,0.10,10675,10132,9944,10075,10557,10413,10200,20.0,-362.0,20.0
10.72,0.05,0.14,10676,10133,9944,10075,10557,10412,10201,20.0,-363.0,20.0
10.81,0.05,0.10,10675,10132,9943,10075,10557,10412,10201,20.0,-364.0,20.0
10.77,0.09,0.10,10675,10132,9945,10075,10557,10412,10201,20.0,-362.0,20.0
10.81,0.10,0.10,10675,10133,9945,10075,10557,10412,10200,20.0,-362.0,20.0
10.82,0.01,0.19,10675,10133,9944,10076,10557,10412,10201,20.0,-362.0,20.0
10.82,0.05,0.24,10676,10132,9945,10075,10557,10412,10200,20.0,-362.0,21.0
10.86,0.09,0.25,10675,10133,9942,10076,10557,10412,10200,20.0,-362.0,20.0
10.86,0.01,0.11,10675,10133,9944,10075,10556,10412,10200,21.0,-362.0,20.0
10.86,0.05,0.10,10675,10132,9944,10076,10557,10412,10199,20.0,-362.0,20.0
10.91,0.00,0.14,10675,10133,9942,10075,10557,10412,10200,20.0,-362.0,21.0
11.00,0.00,0.10,10675,10133,9943,10075,10556,10413,10200,21.0,-362.0,21.0
11.14,0.04,0.14,10675,10132,9944,10075,10557,10412,10200,20.0,-363.0,21.0
11.16,0.05,0.10,10675,10132,9941,10074,10557,10412,10200,21.0,-362.0,21.0
11.29,0.05,0.14,10675,10133,9945,10075,10557,10412,10200,21.0,-362.0,21.0
11.39,0.05,0.15,10675,10133,9944,10075,10557,10412,10200,21.0,-363.0,21.0
11.45,0.09,0.15,10675,10133,9943,10075,10556,10412,10200,21.0,-363.0,21.0
11.50,0.05,0.15,10675,10133,9941,10075,10557,10412,10200,21.0,-362.0,21.0
11.64,0.09,0.06,10675,10133,9943,10075,10557,10412,10200,21.0,-363.0,21.0
11.61,0.05,0.09,10675,10133,9941,10075,10557,10411,10199,20.0,-363.0,21.0
11.69,0.09,0.14,10675,10132,9943,10075,10557,10412,10199,21.0,-362.0,21.0
11.70,0.10,0.10,10675,10132,9944,10075,10557,10412,10198,20.0,-362.0,21.0
11.97,0.01,0.14,10675,10133,9944,10075,10557,10412,10199,22.0,-363.0,21.0
11.73,0.05,0.10,10675,10133,9943,10075,10556,10412,10199,22.0,-363.0,22.0
11.75,0.05,0.10,10675,10132,9944,10075,10556,10412,10197,22.0,-363.0,22.0
11.71,0.05,0.14,10675,10133,9942,10075,10556,10411,10198,21.0,-362.0,22.0
11.75,0.05,0.15,10675,10132,9943,10074,10557,10412,10198,22.0,-362.0,22.0
11.62,0.05,0.15,10674,10132,9943,10075,10556,10412,10197,22.0,-362.0,22.0
11.69,0.05,0.15,10675,10132,9943,10074,10557,10411,10198,22.0,-362.0,22.0
11.65,0.05,0.10,10675,10133,9943,10075,10557,10411,10198,22.0,-362.0,22.0
11.74,0.05,0.10,10675,10132,9942,10074,10556,10412,10198,22.0,-362.0,22.0
11.79,0.00,0.14,10675,10132,9942,10074,10557,10412,10198,21.0,-363.0,22.0
11.84,0.04,0.15,10675,10133,9943,10075,10557,10410,10199,22.0,-363.0,22.0
11.94,0.09,0.15,10675,10133,9944,10074,10556,10412,10197,22.0,-362.0,23.0
11.95,0.05,0.15,10675,10133,9943,10075,10557,10411,10197,21.0,-363.0,23.0
11.99,0.05,0.15,10675,10133,9943,10074,10557,10411,10198,23.0,-363.0,23.0
12.08,0.00,0.19,10674,10133,9943,10074,10557,10412,10198,23.0,-362.0,23.0
12.14,0.04,0.15,10675,10133,9941,10075,10556,10411,10197,23.0,-363.0,23.0
12.14,0.09,0.15,10676,10132,9943,10074,10556,10411,10197,23.0,-362.0,23.0
12.28,0.05,0.15,10675,10133,9943,10074,10557,10412,10197,23.0,-362.0,23.0
12.24,0.09,0.15,10675,10132,9940,10075,10557,10412,10197,23.0,-363.0,23.0
12.33,0.05,0.15,10675,10133,9943,10075,10556,10411,10197,22.0,-363.0,23.0
12.25,0.05,0.15,10675,10133,9942,10074,10556,10412,10196,23.0,-363.0,23.0
12.29,0.05,0.28,10675,10132,9942,10074,10556,10412,10196,23.0,-363.0,23.0
12.33,0.05,0.21,10675,10133,9942,10075,10556,10412,10197,23.0,-362.0,23.0
12.38,0.05,0.15,10675,10133,9942,10075,10557,10412,10196,23.0,-362.0,23.0
12.39,0.00,0.15,10675,10133,9943,10075,10557,10411,10196,24.0,-363.0,24.0
12.43,0.04,0.15,10675,10133,9942,10074,10557,10411,10196,24.0,-362.0,24.0
12.44,-0.04,0.15,10675,10133,9943,10074,10556,10410,10196,24.0,-363.0,24.0
12.43,0.05,0.15,10675,10133,9943,10074,10556,10412,10195,24.0,-363.0,24.0
12.53,0.05,0.15,10675,10132,9943,10073,10556,10412,10195,24.0,-363.0,24.0
12.58,0.05,0.24,10675,10132,9941,10074,10557,10412,10196,24.0,-362.0,24.0
12.72,0.00,0.16,10675,10133,9942,10075,10556,10412,10196,24.0,-362.0,24.0
12.73,0.04,0.10,10675,10132,9942,10075,10557,10412,10195,24.0,-362.0,24.0
12.87,0.05,0.19,10675,10133,9942,10074,10556,10411,10197,24.0,-362.0,24.0
12.92,0.09,0.15,10675,10133,9942,10075,10556,10412,10195,24.0,-362.0,24.0
13.02,0.05,0.10,10675,10133,9942,10073,10557,10412,10195,24.0,-363.0,24.0
13.07,0.09,0.14,10675,10133,9942,10074,10556,10412,10195,24.0,-362.0,24.0
13.12,0.10,0.15,10675,10133,9942,10074,10556,10412,10194,24.0,-362.0,25.0
13.30,0.05,0.15,10675,10132,9941,10075,10556,10412,10195,25.0,-362.0,24.0
13.32,0.05,0.10,10675,10132,9942,10075,10556,10412,10194,25.0,-362.0,25.0
13.37,0.05,0.14,10675,10132,9942,10073,10556,10411,10193,24.0,-362.0,25.0
13.42,0.05,0.15,10675,10133,9942,10074,10556,10412,10194,25.0,-362.0,25.0
13.46,0.05,0.15,10675,10133,9941,10074,10556,10412,10194,25.0,-362.0,25.0
13.43,0.05,0.10,10675,10133,9941,10074,10556,10412,10194,24.0,-362.0,25.0
13.47,0.05,0.14,10675,10133,9942,10073,10556,10411,10194,25.0,-362.0,25.0
13.47,0.05,0.15,10675,10133,9942,10074,10556,10412,10194,25.0,-362.0,25.0
13.56,0.00,0.19,10675,10133,9940,10073,10556,10411,10194,26.0,-362.0,25.0
13.52,0.09,0.15,10675,10133,9942,10074,10556,10412,10193,26.0,-362.0,25.0
13.52,0.09,0.10,10675,10132,9941,10073,10556,10411,10193,26.0,-362.0,25.0
13.48,0.05,0.14,10675,10132,9941,10073,10556,10411,10193,26.0,-362.0,25.0
13.56,0.01,0.15,10674,10133,9941,10073,10556,10411,10194,26.0,-362.0,26.0
13.57,0.04,0.10,10675,10133,9940,10073,10555,10411,10193,26.0,-362.0,26.0
13.61,0.05,0.10,10675,10133,9940,10074,10556,10412,10193,26.0,-361.0,26.0
13.71,0.05,0.14,10675,10133,9940,10074,10555,10411,10194,26.0,-362.0,26.0
13.76,0.09,0.15,10675,10134,9941,10073,10556,10412,10193,26.0,-362.0,26.0
13.72,0.10,0.10,10674,10133,9942,10073,10556,10412,10193,26.0,-362.0,26.0
13.76,0.05,0.14,10675,10133,9941,10074,10556,10411,10193,26.0,-361.0,26.0
13.85,0.05,0.15,10674,10133,9941,10074,10556,10411,10192,27.0,-362.0,26.0
13.86,0.00,0.10,10675,10133,9941,10074,10556,10411,10193,26.0,-362.0,27.0
13.86,0.04,0.10,10675,10133,9941,10073,10556,10412,10193,26.0,-362.0,26.0
13.91,0.09,0.14,10675,10133,9940,10073,10557,10411,10193,26.0,-362.0,26.0
14.00,0.05,0.15,10675,10133,9941,10073,10555,10411,10193,27.0,-362.0,26.0
14.01,0.05,0.19,10674,10132,9940,10074,10556,10412,10192,27.0,-362.0,27.0
14.06,0.09,0.20,10675,10132,9940,10073,10556,10412,10191,27.0,-361.0,27.0
14.06,0.05,0.20,10674,10132,9940,10074,10556,10411,10192,26.0,-362.0,27.0
14.10,0.01,0.20,10674,10132,9941,10074,10556,10412,10192,27.0,-362.0,27.0
14.15,0.04,0.15,10675,10133,9940,10073,10556,10411,10192,27.0,-362.0,27.0
14.11,0.05,0.19,10675,10133,9940,10074,10556,10411,10192,27.0,-362.0,27.0
14.20,0.05,0.15,10675,10134,9941,10073,10556,10411,10192,26.0,-362.0,27.0
14.21,0.05,0.10,10674,10132,9940,10074,10556,10411,10192,27.0,-363.0,27.0
14.30,0.05,0.19,10675,10133,9940,10073,10556,10411,10192,27.0,-362.0,27.0
14.35,0.09,0.15,10674,10133,9940,10073,10555,10410,10191,28.0,-363.0,27.0
14.49,0.10,0.15,10675,10133,9942,10074,10556,10411,10192,28.0,-361.0,28.0
14.41,0.05,0.15,10675,10133,9941,10074,10556,10411,10192,27.0,-362.0,27.0
14.49,0.01,0.15,10675,10132,9940,10073,10556,10411,10191,28.0,-361.0,28.0
14.55,0.04,0.10,10675,10133,9941,10074,10556,10411,10192,28.0,-361.0,28.0
14.60,0.05,0.14,10674,10133,9940,10072,10556,10411,10191,28.0,-361.0,28.0
14.64,0.05,0.19,10674,10133,9940,10074,10555,10411,10191,28.0,-361.0,28.0
14.74,0.00,0.15,10674,10132,9941,10074,10556,10411,10191,28.0,-362.0,28.0
14.79,0.00,0.19,10674,10132,9940,10073,10556,10411,10191,28.0,-361.0,28.0
14.89,0.00,0.20,10674,10133,9941,10073,10556,10411,10191,28.0,-361.0,28.0
14.94,0.04,0.15,10674,10133,9939,10073,10555,10411,10191,28.0,-361.0,28.0
14.99,0.05,0.15,10674,10132,9940,10073,10555,10411,10190,28.0,-362.0,28.0
15.04,0.00,0.19,10674,10134,9940,10074,10555,10411,10190,29.0,-362.0,28.0
15.04,0.04,0.15,10675,10133,9940,10073,10556,10411,10190,29.0,-361.0,28.0
15.04,-0.04,0.15,10673,10133,9940,10072,10555,10410,10190,29.0,-361.0,29.0
15.09,-0.00,0.15,10674,10133,9940,10073,10555,10411,10190,29.0,-361.0,29.0
15.09,0.04,0.24,10674,10132,9940,10073,10556,10411,10190,29.0,-361.0,29.0
15.10,0.00,0.14,10674,10133,9940,10073,10556,10411,10190,29.0,-361.0,29.0
15.14,0.04,0.15,10673,10133,9940,10073,10555,10411,10190,29.0,-361.0,29.0
15.14,0.09,0.10,10674,10132,9940,10072,10555,10411,10190,30.0,-361.0,29.0
15.19,0.05,0.14,10673,10133,9940,10074,10556,10411,10190,30.0,-361.0,29.0
15.28,0.18,0.15,10674,10133,9940,10073,10555,10410,10190,29.0,-361.0,29.0
15.20,0.02,0.15,10674,10133,9940,10072,10555,10410,10189,30.0,-361.0,29.0
15.24,0.09,0.15,10674,10133,9939,10072,10555,10410,10188,30.0,-361.0,30.0
15.24,0.05,0.15,10674,10132,9938,10073,10555,10411,10189,29.0,-361.0,30.0
15.28,0.05,0.15,10674,10133,9940,10073,10555,10411,10189,29.0,-362.0,30.0
15.33,0.05,0.15,10674,10133,9940,10072,10556,10411,10190,30.0,-361.0,30.0
15.38,0.05,0.15,10674,10133,9940,10073,10555,10411,10189,30.0,-361.0,30.0
15.39,-0.04,0.15,10675,10133,9939,10072,10555,10410,10188,30.0,-361.0,30.0
15.43,0.04,0.15,10675,10132,9939,10072,10555,10412,10188,29.0,-361.0,31.0
15.44,0.05,0.15,10674,10134,9940,10074,10555,10412,10189,30.0,-361.0,30.0
15.53,0.00,0.15,10674,10133,9940,10072,10555,10411,10189,30.0,-361.0,30.0
15.58,0.13,0.15,10674,10133,9939,10073,10555,10411,10189,30.0,-361.0,30.0
15.63,0.19,0.15,10674,10133,9939,10072,10555,10410,10189,30.0,-361.0,30.0
15.72,0.06,0.15,10674,10133,9939,10073,10555,10411,10187,30.0,-361.0,30.0
15.73,0.05,0.10,10673,10132,9940,10072,10555,10411,10188,30.0,-361.0,30.0
15.73,0.05,0.10,10674,10133,9939,10072,10555,10411,10188,31.0,-361.0,30.0
15.79,0.05,0.14,10674,10132,9939,10074,10555,10411,10188,30.0,-361.0,30.0
15.91,0.01,0.15,10675,10133,9939,10072,10555,10411,10187,31.0,-362.0,30.0
16.02,-0.04,0.10,10674,10132,9940,10073,10555,10410,10189,31.0,-361.0,30.0
16.07,-0.00,0.14,10674,10133,9938,10072,10555,10411,10187,30.0,-361.0,31.0
16.08,0.09,0.10,10674,10132,9939,10072,10555,10411,10187,31.0,-361.0,31.0
16.12,0.05,0.14,10674,10134,9940,10072,10555,10410,10187,31.0,-361.0,31.0
16.12,0.05,0.10,10674,10133,9939,10072,10555,10411,10187,31.0,-361.0,31.0
16.21,0.05,0.14,10674,10132,9940,10073,10555,10411,10188,31.0,-361.0,31.0
16.27,0.05,0.10,10674,10132,9940,10073,10555,10410,10188,32.0,-361.0,31.0
16.27,0.09,0.10,10674,10132,9939,10072,10555,10411,10188,32.0,-361.0,31.0
16.41,0.01,0.14,10674,10132,9940,10072,10555,10411,10187,31.0,-361.0,31.0
16.42,0.09,0.15,10674,10133,9940,10072,10556,10410,10186,32.0,-362.0,31.0
16.55,0.05,0.15,10674,10133,9939,10072,10555,10411,10187,32.0,-361.0,31.0
16.61,0.01,0.15,10674,10132,9939,10073,10555,10411,10187,32.0,-361.0,32.0
16.66,0.04,0.15,10674,10133,9939,10073,10555,10412,10187,32.0,-361.0,32.0
16.71,0.05,0.15,10674,10133,9939,10072,10555,10411,10187,32.0,-361.0,32.0
16.76,0.14,0.19,10674,10132,9939,10072,10555,10411,10185,32.0,-361.0,32.0
16.81,0.01,0.15,10674,10132,9939,10072,10555,10410,10186,32.0,-360.0,32.0
16.72,0.00,0.19,10674,10134,9939,10073,10555,10411,10185,31.0,-360.0,32.0
16.67,0.04,0.15,10674,10133,9940,10071,10555,10411,10185,33.0,-361.0,32.0
16.71,0.05,0.10,10674,10133,9940,10072,10555,10410,10186,33.0,-360.0,32.0
16.63,0.09,0.14,10674,10133,9939,10072,10555,10410,10186,33.0,-360.0,32.0
16.71,0.05,0.10,10674,10132,9939,10072,10555,10410,10186,32.0,-361.0,32.0
16.80,0.05,0.19,10674,10133,9938,10072,10555,10411,10186,33.0,-361.0,32.0
16.86,0.14,0.11,10674,10132,9939,10072,10555,10411,10185,32.0,-362.0,33.0
16.86,0.06,0.10,10674,10134,9939,10072,10555,10410,10186,33.0,-360.0,33.0
17.00,0.05,0.10,10674,10133,9939,10072,10555,10410,10185,33.0,-361.0,33.0
16.96,0.05,0.14,10673,10133,9938,10072,10555,10411,10185,32.0,-361.0,33.0
17.01,0.05,0.10,10673,10133,9938,10072,10555,10410,10184,33.0,-361.0,33.0
16.97,0.05,0.10,10674,10132,9939,10072,10555,10411,10185,34.0,-360.0,33.0
16.96,0.05,0.10,10673,10132,9939,10072,10554,10410,10185,33.0,-360.0,33.0
17.01,0.05,0.14,10674,10133,9938,10072,10555,10411,10185,34.0,-361.0,33.0
17.05,0.05,0.15,10673,10132,9938,10073,10555,10410,10186,34.0,-361.0,33.0
17.10,0.05,0.15,10673,10132,9938,10072,10555,10410,10186,34.0,-360.0,33.0
17.06,0.05,0.15,10673,10132,9939,10072,10555,10411,10185,34.0,-360.0,33.0
17.15,0.05,0.10,10674,10133,9938,10071,10554,10410,10185,34.0,-360.0,34.0
17.20,0.09,0.10,10674,10133,9939,10071,10554,10411,10185,34.0,-360.0,34.0
17.21,0.05,0.10,10673,10133,9938,10072,10555,10410,10185,34.0,-360.0,34.0
17.25,0.09,0.14,10673,10133,9938,10071,10555,10410,10185,34.0,-360.0,33.0
17.30,0.10,0.15,10674,10133,9938,10072,10555,10410,10185,34.0,-361.0,33.0
17.35,0.00,0.15,10674,10133,9939,10071,10554,10410,10183,34.0,-360.0,34.0
17.49,0.04,0.10,10673,10133,9938,10072,10555,10410,10184,34.0,-360.0,34.0
17.68,0.05,0.14,10673,10133,9939,10071,10555,10410,10184,34.0,-361.0,34.0
17.70,0.05,0.10,10674,10133,9938,10071,10555,10410,10184,34.0,-360.0,34.0
17.74,0.05,0.10,10674,10133,9938,10073,10554,10410,10185,34.0,-360.0,34.0
17.88,0.05,0.14,10673,10133,9938,10071,10555,10410,10184,35.0,-360.0,34.0
17.89,0.05,0.15,10673,10133,9938,10073,10555,10410,10183,35.0,-360.0,34.0
17.98,0.00,0.15,10673,10133,9938,10071,10555,10410,10184,35.0,-360.0,35.0
17.90,0.04,0.15,10674,10133,9938,10072,10555,10410,10184,35.0,-360.0,35.0
17.94,0.05,0.15,10672,10132,9935,10071,10555,10410,10183,35.0,-360.0,35.0
17.94,0.05,0.15,10672,10132,9939,10071,10554,10410,10183,35.0,-360.0,34.0
18.08,0.09,0.19,10673,10134,9938,10072,10554,10410,10183,35.0,-360.0,35.0
18.05,0.05,0.20,10673,10133,9939,10071,10554,10410,10183,36.0,-360.0,35.0
18.09,0.05,0.15,10674,10132,9937,10071,10555,10410,10182,36.0,-360.0,36.0
18.14,0.05,0.15,10673,10133,9938,10071,10555,10410,10182,36.0,-360.0,35.0
18.18,0.00,0.15,10673,10132,9938,10071,10554,10410,10182,36.0,-360.0,35.0
18.23,0.04,0.10,10673,10133,9937,10071,10554,10410,10183,36.0,-360.0,35.0
18.33,0.09,0.10,10674,10133,9938,10072,10555,10410,10183,36.0,-360.0,36.0
18.34,0.05,0.10,10673,10133,9937,10071,10554,10410,10182,36.0,-360.0,35.0
18.38,0.01,0.19,10673,10132,9937,10070,10555,10410,10183,36.0,-360.0,36.0
18.34,0.05,0.14,10673,10133,9937,10071,10554,10410,10182,36.0,-360.0,36.0
18.38,0.05,0.10,10673,10133,9938,10071,10555,10410,10182,36.0,-360.0,36.0
18.52,0.14,0.14,10672,10133,9936,10071,10555,10410,10181,36.0,-360.0,37.0
18.49,0.10,0.10,10673,10132,9937,10072,10554,10410,10182,37.0,-360.0,36.0
18.53,0.05,0.19,10673,10132,9937,10071,10555,10410,10182,36.0,-360.0,36.0
18.58,0.05,0.11,10673,10133,9937,10071,10554,10410,10182,37.0,-360.0,36.0
18.63,0.00,0.14,10674,10132,9936,10071,10554,10410,10182,37.0,-360.0,36.0
18.63,0.04,0.15,10674,10133,9937,10071,10554,10411,10182,37.0,-360.0,36.0
18.68,0.05,0.15,10673,10133,9937,10071,10554,10410,10182,37.0,-360.0,37.0
18.73,0.05,0.15,10674,10132,9937,10070,10554,10410,10181,37.0,-360.0,36.0
18.73,0.09,0.15,10673,10133,9937,10071,10554,10410,10182,37.0,-360.0,37.0
18.73,0.05,0.15,10673,10133,9937,10071,10555,10409,10180,37.0,-360.0,37.0
18.73,0.09,0.10,10673,10133,9938,10071,10554,10410,10182,37.0,-360.0,37.0
18.73,0.10,0.19,10673,10133,9937,10070,10554,10410,10181,36.0,-360.0,37.0
18.77,0.05,0.15,10673,10133,9938,10071,10555,10410,10181,37.0,-360.0,37.0
18.78,0.01,0.15,10673,10133,9938,10071,10554,10410,10180,37.0,-360.0,37.0
18.82,0.04,0.15,10673,10133,9937,10071,10554,10409,10181,38.0,-360.0,37.0
18.78,0.05,0.15,10673,10132,9937,10070,10555,10410,10180,38.0,-360.0,37.0
18.82,0.05,0.10,10672,10133,9937,10072,10554,10410,10182,38.0,-360.0,37.0
18.87,0.05,0.19,10673,10134,9937,10070,10554,10409,10181,38.0,-360.0,37.0
18.88,0.14,0.10,10671,10133,9936,10070,10555,10410,10181,38.0,-360.0,37.0
18.92,0.06,0.10,10673,10133,9937,10071,10554,10410,10180,38.0,-360.0,37.0
19.02,0.01,0.10,10673,10132,9937,10071,10553,10409,10181,38.0,-360.0,37.0
19.16,0.04,0.10,10672,10133,9936,10070,10554,10410,10181,38.0,-359.0,37.0
19.26,0.05,0.28,10673,10133,9938,10071,10554,10410,10181,38.0,-359.0,38.0
19.40,0.18,0.20,10672,10134,9936,10071,10554,10410,10180,38.0,-360.0,37.0
19.42,0.06,0.15,10673,10133,9937,10071,10554,10410,10180,38.0,-360.0,38.0
19.51,0.09,0.10,10673,10132,9937,10070,10554,10410,10180,38.0,-360.0,38.0
19.60,0.10,0.10,10673,10133,9936,10070,10554,10409,10180,38.0,-359.0,38.0
19.61,0.05,0.14,10673,10132,9935,10071,10554,10409,10180,38.0,-359.0,39.0
19.66,0.05,0.10,10672,10132,9937,10072,10553,10410,10181,39.0,-359.0,38.0
19.66,0.00,0.10,10673,10133,9937,10071,10553,10409,10180,39.0,-359.0,38.0
19.71,0.09,0.14,10674,10133,9936,10070,10554,10410,10180,39.0,-360.0,38.0
19.76,0.05,0.15,10673,10134,9937,10071,10554,10410,10180,39.0,-360.0,38.0
19.76,0.05,0.15,10673,10133,9937,10070,10555,10410,10180,39.0,-359.0,39.0
19.72,0.09,0.15,10673,10133,9936,10070,10554,10409,10178,39.0,-359.0,39.0
19.80,0.05,0.10,10673,10133,9936,10071,10553,10410,10179,39.0,-359.0,38.0
19.81,0.05,0.10,10673,10132,9935,10071,10554,10410,10180,39.0,-359.0,39.0
19.86,0.05,0.05,10673,10131,9936,10070,10554,10410,10179,40.0,-359.0,39.0
19.86,0.05,0.14,10672,10133,9936,10070,10554,10409,10179,40.0,-359.0,38.0
19.86,0.05,0.15,10673,10133,9937,10070,10554,10410,10179,40.0,-359.0,39.0
19.95,0.05,0.15,10673,10132,9937,10071,10555,10410,10180,40.0,-359.0,39.0
19.83,0.05,0.15,10672,10133,9936,10070,10554,10410,10179,40.0,-359.0,39.0
19.86,0.05,0.15,10672,10133,9936,10070,10554,10410,10179,40.0,-359.0,39.0
19.82,0.14,0.15,10673,10134,9937,10070,10554,10410,10179,40.0,-359.0,39.0
19.81,0.10,0.15,10673,10133,9936,10070,10554,10410,10178,40.0,-359.0,39.0
19.81,0.05,0.10,10672,10133,9935,10070,10554,10410,10179,40.0,-359.0,39.0
19.81,0.05,0.10,10672,10134,9934,10071,10554,10410,10179,40.0,-359.0,39.0
19.81,0.09,0.14,10672,10132,9936,10070,10554,10410,10179,40.0,-359.0,39.0
19.77,0.10,0.15,10672,10133,9936,10070,10554,10409,10178,40.0,-359.0,39.0
19.81,0.05,0.15,10672,10132,9936,10071,10554,10410,10179,40.0,-359.0,39.0
19.81,0.05,0.10,10673,10133,9936,10070,10554,10410,10178,40.0,-359.0,40.0
19.81,0.05,0.10,10673,10133,9937,10070,10554,10410,10179,40.0,-359.0,41.0
19.81,0.05,0.14,10673,10132,9935,10070,10554,10410,10179,40.0,-359.0,39.0
19.81,0.09,0.15,10672,10133,9936,10071,10553,10410,10179,40.0,-359.0,41.0
19.86,0.14,0.19,10673,10133,9937,10071,10554,10410,10178,40.0,-359.0,41.0
19.82,0.10,0.15,10670,10133,9936,10070,10554,10410,10179,41.0,-359.0,40.0
19.86,0.14,0.15,10672,10133,9936,10070,10553,10410,10178,41.0,-359.0,40.0
19.86,0.10,0.15,10673,10132,9936,10070,10553,10410,10179,41.0,-359.0,39.0
19.91,0.14,0.15,10672,10133,9935,10070,10553,10410,10179,41.0,-359.0,40.0
19.87,0.10,0.10,10672,10132,9936,10070,10553,10410,10179,41.0,-359.0,40.0
19.86,0.19,0.19,10672,10133,9936,10070,10554,10410,10179,41.0,-359.0,40.0
19.91,0.24,0.06,10672,10133,9936,10070,10554,10409,10178,41.0,-359.0,41.0
19.87,0.38,0.14,10672,10133,9935,10070,10553,10410,10178,40.0,-359.0,39.0
19.91,0.48,0.15,10672,10133,9936,10070,10554,10409,10179,41.0,-359.0,40.0
19.91,0.53,0.15,10673,10132,9936,10070,10553,10409,10179,41.0,-359.0,40.0
20.04,0.72,0.15,10672,10133,9936,10071,10554,10410,10178,41.0,-359.0,40.0
19.92,0.74,0.15,10672,10133,9936,10070,10554,10410,10178,41.0,-359.0,40.0
19.91,0.83,0.19,10673,10133,9935,10070,10553,10410,10179,41.0,-359.0,40.0
19.91,0.83,0.15,10672,10133,9936,10071,10553,10409,10178,41.0,-359.0,40.0
19.95,0.88,0.10,10671,10133,9936,10070,10554,10409,10178,41.0,-359.0,40.0
19.96,1.06,0.14,10673,10133,9936,10070,10554,10410,10177,41.0,-359.0,40.0
19.92,1.08,0.15,10672,10132,9936,10070,10553,10409,10178,41.0,-359.0,40.0
19.91,1.08,0.10,10673,10131,9936,10070,10554,10409,10178,41.0,-359.0,40.0
19.91,1.30,0.10,10672,10132,9935,10070,10554,10409,10178,41.0,-359.0,40.0
19.91,1.24,0.14,10672,10132,9934,10070,10554,10410,10179,41.0,-359.0,40.0
19.95,1.32,0.15,10671,10133,9935,10070,10552,10409,10179,41.0,-359.0,40.0
19.96,1.41,0.19,10672,10133,9935,10070,10553,10410,10178,41.0,-359.0,40.0
19.96,1.38,0.20,10672,10133,9935,10069,10554,10409,10178,42.0,-359.0,39.0
19.92,1.42,0.15,10672,10132,9935,10070,10553,10409,10178,42.0,-359.0,39.0
19.95,1.61,0.19,10672,10132,9935,10071,10554,10410,10177,42.0,-359.0,39.0
19.96,1.58,0.15,10672,10132,9936,10070,10554,10409,10178,42.0,-360.0,39.0
19.96,1.66,0.15,10671,10132,9935,10070,10553,10410,10178,42.0,-360.0,39.0
19.92,1.76,0.15,10672,10133,9935,10070,10553,10409,10177,42.0,-360.0,39.0
19.91,1.81,0.19,10672,10132,9935,10070,10553,10409,10178,42.0,-360.0,40.0
19.91,1.86,0.15,10672,10133,9935,10070,10554,10410,10177,42.0,-360.0,39.0
19.87,2.00,0.15,10672,10133,9936,10070,10554,10409,10178,41.0,-361.0,39.0
19.91,2.01,0.10,10672,10132,9935,10069,10554,10409,10178,42.0,-360.0,39.0
19.91,2.06,0.28,10672,10132,9934,10070,10553,10410,10177,42.0,-360.0,39.0
19.91,2.15,0.20,10672,10132,9935,10069,10552,10408,10177,42.0,-361.0,39.0
19.95,2.21,0.20,10672,10132,9934,10070,10553,10408,10178,42.0,-360.0,38.0
19.87,2.30,0.20,10672,10131,9935,10069,10553,10409,10178,42.0,-361.0,38.0
19.91,2.35,0.24,10671,10132,9934,10070,10553,10409,10178,42.0,-361.0,38.0
19.91,2.40,0.16,10672,10132,9935,10070,10554,10408,10177,42.0,-361.0,38.0
19.91,2.36,0.15,10672,10131,9935,10069,10553,10407,10177,42.0,-361.0,38.0
20.00,2.36,0.24,10671,10131,9934,10070,10553,10409,10178,42.0,-361.0,38.0
19.92,2.32,0.20,10671,10132,9934,10070,10553,10409,10178,42.0,-361.0,38.0
19.96,2.27,0.20,10672,10132,9935,10069,10552,10410,10178,42.0,-361.0,38.0
19.91,2.22,0.24,10672,10131,9934,10069,10553,10409,10179,42.0,-360.0,38.0
19.87,2.17,0.20,10672,10131,9934,10069,10554,10410,10178,42.0,-360.0,38.0
19.91,2.21,0.20,10671,10131,9935,10069,10553,10409,10178,42.0,-360.0,38.0
19.91,2.30,0.20,10672,10131,9934,10068,10553,10409,10178,42.0,-361.0,38.0
19.87,2.22,0.15,10672,10131,9934,10070,10554,10409,10177,42.0,-361.0,37.0
19.68,2.30,0.15,10672,10131,9933,10070,10553,10409,10178,42.0,-360.0,38.0
19.27,2.35,0.19,10671,10131,9934,10069,10553,10410,10177,42.0,-361.0,37.0
18.78,2.45,0.15,10672,10131,9934,10070,10552,10409,10176,42.0,-360.0,38.0
18.43,2.41,0.10,10672,10131,9934,10069,10553,10409,10178,42.0,-360.0,37.0
18.08,2.45,0.19,10672,10132,9935,10069,10553,10409,10178,42.0,-360.0,37.0
17.69,2.50,0.15,10671,10132,9935,10069,10553,10409,10179,42.0,-361.0,37.0
17.30,2.55,0.28,10670,10131,9934,10069,10554,10409,10177,42.0,-361.0,37.0
16.99,2.56,0.16,10672,10131,9935,10069,10554,10408,10178,42.0,-361.0,37.0
16.74,2.60,0.19,10672,10131,9935,10070,10553,10409,10179,42.0,-361.0,36.0
16.41,2.61,0.11,10671,10131,9935,10070,10553,10409,10179,42.0,-361.0,36.0
16.11,2.69,0.10,10672,10131,9933,10070,10553,10408,10179,41.0,-361.0,36.0
15.77,2.70,0.14,10672,10131,9935,10070,10553,10410,10180,41.0,-361.0,35.0
15.65,2.66,0.19,10672,10131,9936,10071,10554,10409,10180,41.0,-361.0,35.0
15.37,2.74,0.15,10672,10131,9933,10070,10553,10410,10181,41.0,-361.0,34.0
14.99,2.75,0.15,10672,10131,9935,10070,10554,10410,10181,40.0,-361.0,34.0
14.68,2.80,0.15,10672,10131,9935,10070,10554,10409,10181,40.0,-362.0,33.0
14.39,2.80,0.19,10672,10131,9935,10070,10554,10409,10182,40.0,-361.0,33.0
13.97,2.86,0.11,10672,10131,9935,10070,10554,10409,10182,40.0,-362.0,33.0
13.79,2.81,0.10,10672,10132,9935,10070,10554,10410,10183,39.0,-361.0,32.0
13.50,2.76,0.14,10672,10131,9935,10071,10554,10410,10184,38.0,-361.0,32.0
13.25,2.80,0.10,10672,10131,9935,10070,10554,10410,10184,38.0,-362.0,31.0
12.92,2.76,0.10,10672,10131,9936,10071,10553,10410,10184,37.0,-362.0,31.0
12.71,2.71,0.10,10672,10131,9937,10070,10554,10409,10185,37.0,-362.0,30.0
12.42,2.57,0.10,10672,10131,9935,10070,10554,10410,10184,37.0,-362.0,30.0
12.26,2.47,0.14,10672,10131,9937,10070,10554,10410,10185,36.0,-362.0,29.0
11.98,2.33,0.10,10672,10130,9936,10071,10554,10410,10185,36.0,-362.0,29.0
11.77,2.31,0.14,10672,10131,9936,10071,10554,10410,10186,36.0,-362.0,28.0
11.53,2.18,0.06,10672,10130,9937,10071,10554,10410,10185,34.0,-362.0,28.0
11.33,1.99,0.14,10672,10130,9938,10071,10554,10410,10187,35.0,-362.0,28.0
11.04,1.92,0.06,10672,10132,9938,10070,10554,10411,10188,34.0,-362.0,27.0
10.84,1.83,0.01,10673,10131,9938,10071,10554,10410,10188,34.0,-363.0,27.0
10.55,1.69,0.04,10673,10131,9938,10072,10555,10410,10189,33.0,-363.0,26.0
10.30,1.54,0.05,10673,10130,9938,10071,10555,10410,10189,33.0,-363.0,26.0
10.19,1.44,0.14,10673,10130,9938,10071,10554,10411,10189,33.0,-362.0,26.0
9.87,1.29,0.01,10673,10130,9938,10072,10555,10411,10190,32.0,-363.0,25.0
9.61,1.19,0.09,10673,10130,9938,10073,10555,10411,10190,32.0,-363.0,25.0
9.37,1.23,0.05,10673,10132,9940,10072,10554,10411,10191,31.0,-364.0,24.0
9.10,1.02,-0.04,10673,10131,9939,10071,10555,10410,10192,30.0,-363.0,24.0
9.05,0.90,0.08,10673,10130,9939,10072,10555,10411,10192,29.0,-363.0,25.0
8.83,0.84,0.01,10673,10131,9939,10072,10555,10412,10192,30.0,-363.0,23.0
8.49,0.79,0.00,10673,10132,9938,10072,10555,10412,10193,29.0,-363.0,23.0
8.24,0.70,0.00,10673,10131,9940,10072,10555,10412,10193,29.0,-363.0,23.0
8.04,0.65,0.00,10674,10131,9940,10073,10555,10411,10194,28.0,-363.0,22.0
7.88,0.55,-0.04,10673,10131,9940,10073,10556,10412,10193,28.0,-364.0,22.0
7.60,0.45,-0.00,10673,10131,9940,10074,10556,10412,10195,27.0,-363.0,22.0
7.44,0.31,-0.04,10674,10131,9940,10074,10555,10411,10196,26.0,-364.0,22.0
7.16,0.25,-0.00,10674,10131,9941,10074,10556,10412,10196,26.0,-363.0,21.0
6.95,0.16,-0.00,10675,10131,9941,10074,10556,10412,10197,26.0,-363.0,21.0
6.89,0.10,-0.00,10674,10132,9942,10074,10555,10412,10197,26.0,-363.0,21.0
6.71,0.10,-0.00,10674,10132,9941,10074,10555,10412,10198,25.0,-364.0,20.0
6.47,0.14,-0.09,10675,10131,9940,10074,10556,10413,10198,24.0,-363.0,20.0
6.18,0.06,-0.10,10675,10131,9941,10075,10556,10413,10199,24.0,-364.0,20.0
6.06,0.01,-0.05,10674,10132,9943,10074,10557,10411,10199,24.0,-364.0,19.0
5.92,0.09,-0.05,10674,10132,9942,10075,10556,10412,10200,22.0,-364.0,19.0
5.46,0.05,-0.09,10674,10131,9942,10074,10556,10412,10200,21.0,-364.0,19.0
5.28,0.05,-0.05,10675,10131,9943,10074,10556,10413,10201,21.0,-364.0,18.0
5.13,0.09,-0.09,10675,10132,9943,10075,10557,10412,10202,21.0,-364.0,18.0
4.73,0.18,-0.05,10675,10131,9943,10076,10557,10413,10202,20.0,-364.0,18.0
4.59,0.20,-0.05,10675,10131,9943,10075,10557,10412,10203,20.0,-364.0,18.0
4.40,0.20,-0.09,10675,10132,9944,10075,10557,10413,10203,19.0,-364.0,17.0
4.29,0.15,-0.14,10675,10131,9943,10075,10557,10412,10204,20.0,-365.0,17.0
3.97,0.28,-0.15,10675,10131,9944,10075,10556,10412,10205,18.0,-364.0,16.0
3.80,0.56,-0.10,10675,10132,9944,10075,10557,10413,10205,18.0,-364.0,16.0
3.52,0.85,-0.14,10675,10131,9945,10076,10557,10413,10206,18.0,-364.0,15.0
3.41,1.15,-0.10,10675,10132,9944,10075,10557,10413,10207,18.0,-364.0,16.0
3.13,1.40,-0.14,10675,10132,9945,10077,10558,10413,10208,17.0,-363.0,14.0
2.92,1.64,-0.19,10675,10131,9944,10075,10558,10414,10207,17.0,-364.0,14.0
2.77,1.85,-0.15,10675,10130,9945,10076,10558,10413,10208,15.0,-364.0,14.0
2.58,2.18,-0.10,10675,10132,9945,10077,10557,10413,10210,16.0,-364.0,13.0
2.38,2.39,-0.10,10675,10132,9943,10077,10558,10413,10210,16.0,-364.0,13.0
2.18,2.58,-0.14,10676,10131,9945,10076,10558,10413,10211,14.0,-364.0,12.0
1.99,2.82,-0.10,10675,10131,9945,10077,10557,10414,10211,15.0,-364.0,12.0
1.79,3.11,-0.10,10675,10131,9946,10075,10557,10414,10212,15.0,-363.0,11.0
1.60,3.32,-0.14,10676,10131,9946,10076,10557,10414,10212,14.0,-363.0,10.0
1.35,3.65,-0.10,10675,10131,9946,10077,10558,10414,10214,14.0,-363.0,10.0
1.15,3.90,-0.10,10676,10131,9945,10076,10558,10413,10215,13.0,-364.0,9.0
0.96,4.15,-0.14,10675,10130,9946,10077,10557,10414,10215,13.0,-364.0,9.0
0.79,4.42,-0.19,10675,10131,9947,10076,10558,10414,10217,12.0,-364.0,7.0
0.61,4.60,-0.11,10674,10131,9946,10077,10558,10414,10216,12.0,-364.0,6.0
0.41,4.84,-0.14,10676,10130,9946,10077,10558,10415,10217,12.0,-364.0,7.0
0.26,5.09,-0.15,10676,10130,9945,10077,10558,10414,10218,11.0,-364.0,5.0
0.07,5.29,-0.10,10674,10130,9944,10077,10559,10414,10219,11.0,-364.0,5.0
0.05,5.48,-0.14,10675,10130,9947,10076,10558,10414,10220,11.0,-365.0,5.0
0.14,5.77,-0.06,10675,10130,9946,10077,10558,10414,10220,11.0,-365.0,4.0
0.19,5.93,-0.09,10675,10130,9945,10076,10558,10414,10220,10.0,-365.0,2.0
0.28,6.04,-0.10,10675,10130,9947,10078,10558,10413,10222,10.0,-365.0,2.0
0.38,6.18,-0.14,10675,10130,9946,10076,10558,10414,10223,10.0,-365.0,1.0
0.44,6.28,-0.06,10676,10130,9946,10077,10558,10414,10222,9.0,-365.0,1.0
0.49,6.42,-0.09,10675,10129,9946,10076,10558,10415,10223,9.0,-365.0,-1.0
0.49,6.35,-0.05,10675,10130,9944,10076,10558,10415,10223,9.0,-365.0,-2.0
0.54,6.25,-0.05,10675,10128,9946,10076,10558,10415,10222,9.0,-365.0,-2.0
0.58,6.16,-0.09,10675,10129,9946,10076,10558,10415,10224,9.0,-366.0,-2.0
0.63,6.06,-0.10,10675,10129,9946,10077,10558,10415,10225,9.0,-366.0,-2.0
0.55,6.00,-0.10,10675,10129,9946,10076,10558,10414,10224,8.0,-366.0,-4.0
0.59,5.95,-0.05,10675,10129,9945,10076,10558,10414,10225,8.0,-366.0,-3.0
0.55,5.95,-0.09,10675,10128,9946,10076,10558,10415,10225,8.0,-366.0,-4.0
0.50,5.95,-0.10,10675,10128,9945,10076,10558,10414,10225,8.0,-366.0,-4.0
0.54,5.94,-0.09,10675,10128,9946,10076,10558,10414,10225,8.0,-366.0,-5.0
0.50,5.90,-0.10,10675,10128,9945,10077,10558,10414,10226,8.0,-366.0,-4.0
0.45,6.08,-0.10,10675,10129,9946,10077,10558,10413,10225,8.0,-366.0,-6.0
0.53,6.05,-0.05,10675,10128,9946,10076,10558,10414,10226,8.0,-366.0,-5.0
0.45,6.00,-0.01,10675,10128,9945,10077,10558,10413,10226,8.0,-366.0,-5.0
0.40,6.13,-0.04,10675,10128,9946,10076,10558,10414,10225,8.0,-367.0,-5.0
0.35,6.14,-0.05,10675,10128,9945,10075,10558,10414,10226,8.0,-366.0,-6.0
0.39,6.28,-0.09,10675,10128,9945,10077,10558,10413,10227,8.0,-366.0,-6.0
0.35,6.25,-0.05,10675,10128,9946,10076,10558,10414,10227,8.0,-366.0,-7.0
0.30,6.24,-0.05,10675,10128,9945,10077,10558,10414,10227,8.0,-367.0,-6.0
0.30,6.29,-0.09,10674,10129,9945,10076,10558,10414,10227,8.0,-366.0,-6.0
0.25,6.38,-0.05,10675,10127,9945,10077,10558,10414,10228,7.0,-366.0,-7.0
0.20,6.35,-0.05,10675,10128,9946,10076,10558,10414,10228,7.0,-366.0,-7.0
0.24,6.47,-0.05,10675,10128,9946,10077,10558,10415,10228,7.0,-366.0,-6.0
0.20,6.49,-0.05,10675,10128,9946,10075,10558,10415,10228,7.0,-367.0,-8.0
0.20,6.49,-0.00,10675,10128,9946,10076,10559,10413,10228,7.0,-367.0,-8.0
0.20,6.58,-0.04,10675,10127,9945,10076,10558,10415,10228,7.0,-367.0,-7.0
0.20,6.54,-0.00,10675,10127,9945,10076,10558,10415,10228,7.0,-367.0,-7.0
0.15,6.58,-0.04,10675,10127,9947,10075,10558,10414,10228,7.0,-367.0,-7.0
0.19,6.63,-0.05,10675,10128,9947,10076,10558,10414,10229,7.0,-367.0,-9.0
0.10,6.69,-0.09,10675,10127,9946,10076,10558,10414,10229,7.0,-367.0,-9.0
0.10,6.82,-0.05,10675,10128,9946,10077,10558,10414,10229,7.0,-367.0,-9.0
0.05,6.88,-0.05,10675,10128,9946,10076,10558,10414,10229,7.0,-367.0,-8.0
0.05,6.97,-0.09,10675,10127,9946,10076,10557,10414,10229,6.0,-367.0,-8.0
0.09,7.02,-0.05,10674,10127,9946,10077,10558,10414,10230,7.0,-367.0,-9.0
0.10,7.12,-0.01,10675,10127,9947,10076,10558,10414,10229,7.0,-367.0,-9.0
0.10,7.22,-0.04,10675,10127,9947,10076,10558,10414,10229,6.0,-368.0,-10.0
0.10,7.31,0.04,10675,10127,9946,10076,10558,10415,10230,6.0,-367.0,-10.0
0.10,7.37,-0.04,10675,10127,9946,10075,10558,10414,10230,6.0,-368.0,-10.0
0.14,7.42,-0.05,10675,10127,9945,10076,10558,10414,10230,6.0,-368.0,-10.0
0.10,7.47,-0.05,10673,10127,9945,10077,10558,10414,10231,5.0,-368.0,-10.0
0.10,7.52,0.04,10675,10128,9946,10076,10558,10414,10230,6.0,-369.0,-10.0
0.10,7.57,-0.04,10675,10127,9946,10076,10557,10413,10230,6.0,-368.0,-11.0
0.19,7.61,-0.00,10675,10127,9946,10076,10558,10414,10230,6.0,-368.0,-10.0
0.11,7.71,-0.04,10675,10127,9945,10076,10558,10415,10230,6.0,-368.0,-10.0
0.14,7.72,-0.05,10675,10127,9946,10076,10557,10415,10230,6.0,-368.0,-11.0
0.15,7.81,-0.05,10675,10127,9945,10075,10558,10413,10230,6.0,-368.0,-10.0
0.10,7.82,-0.05,10674,10127,9945,10076,10558,10413,10230,6.0,-368.0,-10.0
0.14,7.82,-0.00,10674,10127,9943,10077,10558,10414,10231,5.0,-368.0,-12.0
0.15,7.91,-0.00,10674,10128,9945,10076,10558,10414,10231,5.0,-368.0,-11.0
0.06,7.91,-0.00,10675,10127,9945,10076,10558,10414,10230,6.0,-367.0,-12.0
0.09,8.00,-0.00,10674,10127,9946,10076,10557,10414,10230,6.0,-367.0,-11.0
0.10,8.06,-0.00,10675,10126,9945,10075,10558,10414,10231,6.0,-367.0,-13.0
0.14,8.19,-0.04,10675,10127,9944,10076,10557,10414,10230,6.0,-367.0,-12.0
0.19,8.30,-0.05,10673,10126,9945,10076,10558,10414,10231,6.0,-369.0,-13.0
0.15,8.31,-0.00,10674,10126,9945,10076,10558,10414,10231,6.0,-368.0,-12.0
0.15,8.35,-0.00,10674,10126,9945,10075,10558,10414,10231,6.0,-367.0,-13.0
0.15,8.40,-0.00,10673,10126,9946,10076,10558,10413,10231,6.0,-368.0,-13.0
0.15,8.49,-0.04,10674,10126,9944,10076,10558,10413,10231,6.0,-368.0,-13.0
0.10,8.59,-0.00,10675,10126,9945,10075,10558,10413,10231,6.0,-368.0,-13.0
0.10,8.56,0.04,10674,10126,9945,10074,10558,10414,10231,6.0,-368.0,-14.0
0.10,8.69,0.00,10674,10127,9945,10076,10558,10414,10231,6.0,-368.0,-14.0
0.10,8.79,0.00,10674,10126,9945,10076,10558,10414,10231,6.0,-368.0,-14.0
0.14,8.67,0.04,10674,10127,9943,10075,10558,10413,10230,6.0,-368.0,-13.0
0.10,8.61,0.00,10673,10126,9945,10076,10558,10413,10231,6.0,-368.0,-14.0
0.10,8.52,0.00,10674,10125,9943,10075,10557,10413,10230,6.0,-368.0,-15.0
0.10,8.46,0.00,10674,10126,9945,10076,10558,10413,10232,6.0,-368.0,-15.0
0.14,8.54,0.00,10674,10126,9945,10075,10558,10413,10232,6.0,-368.0,-14.0
0.15,8.42,0.00,10675,10126,9944,10075,10558,10413,10231,6.0,-368.0,-15.0
0.10,8.36,0.04,10674,10126,9945,10076,10558,10414,10231,6.0,-368.0,-15.0
0.06,8.36,0.00,10674,10125,9945,10075,10558,10413,10231,6.0,-368.0,-15.0
0.09,8.40,0.04,10673,10126,9945,10075,10557,10414,10232,6.0,-368.0,-14.0
0.14,8.49,0.00,10673,10126,9946,10076,10558,10414,10231,6.0,-368.0,-14.0
0.10,8.55,0.00,10675,10126,9945,10077,10557,10414,10231,6.0,-368.0,-15.0
0.10,8.60,0.00,10674,10126,9945,10076,10557,10414,10230,6.0,-368.0,-15.0
0.10,8.60,-0.04,10675,10126,9945,10075,10558,10413,10232,6.0,-369.0,-15.0
0.10,8.65,0.04,10674,10125,9945,10075,10557,10414,10231,6.0,-368.0,-16.0
0.10,8.74,0.05,10674,10125,9945,10075,10558,10414,10231,6.0,-368.0,-16.0
0.10,8.75,0.00,10674,10126,9944,10076,10558,10414,10231,6.0,-368.0,-16.0
0.10,8.84,0.04,10674,10125,9944,10075,10557,10414,10232,6.0,-368.0,-16.0
0.01,8.89,0.14,10675,10125,9943,10075,10557,10414,10231,6.0,-368.0,-16.0
0.05,8.90,0.01,10674,10126,9945,10075,10558,10414,10231,6.0,-368.0,-16.0
0.05,8.90,-0.04,10674,10126,9945,10075,10557,10414,10232,6.0,-368.0,-15.0
0.05,8.99,0.04,10674,10126,9944,10076,10558,10413,10232,6.0,-368.0,-16.0
0.09,9.00,0.00,10674,10125,9944,10075,10557,10414,10232,6.0,-368.0,-16.0
0.05,9.08,0.00,10674,10126,9945,10075,10557,10413,10232,6.0,-368.0,-17.0
0.05,9.09,0.04,10674,10125,9944,10075,10557,10414,10233,6.0,-368.0,-17.0
0.05,9.05,0.09,10674,10125,9945,10074,10557,10414,10232,6.0,-368.0,-17.0
0.05,9.09,0.01,10674,10125,9945,10075,10557,10414,10232,6.0,-368.0,-17.0
0.09,9.14,0.09,10674,10126,9945,10076,10558,10413,10232,6.0,-368.0,-16.0
0.05,9.14,0.01,10674,10125,9945,10075,10557,10414,10232,6.0,-368.0,-16.0
0.09,9.23,0.09,10673,10127,9945,10076,10557,10413,10232,6.0,-368.0,-17.0
0.05,9.29,0.05,10674,10125,9944,10075,10557,10413,10232,6.0,-368.0,-16.0
0.05,9.38,0.05,10674,10125,9944,10075,10557,10413,10232,6.0,-368.0,-17.0
0.09,9.48,-0.04,10674,10125,9944,10075,10557,10413,10231,6.0,-368.0,-18.0
0.05,9.58,-0.00,10674,10125,9943,10075,10558,10413,10232,6.0,-368.0,-17.0
0.09,9.67,-0.00,10674,10125,9945,10075,10557,10414,10232,6.0,-369.0,-18.0
0.05,9.68,-0.00,10674,10125,9944,10075,10557,10413,10232,6.0,-368.0,-18.0
0.05,9.68,0.04,10674,10126,9944,10075,10558,10414,10231,6.0,-368.0,-17.0
0.09,9.77,0.05,10674,10126,9945,10075,10557,10414,10232,6.0,-368.0,-18.0
0.05,9.91,0.05,10674,10125,9944,10075,10557,10414,10232,6.0,-368.0,-17.0
0.09,9.88,0.05,10674,10125,9943,10075,10557,10413,10232,6.0,-368.0,-17.0
0.05,9.93,0.00,10674,10125,9945,10075,10557,10414,10232,6.0,-368.0,-17.0
0.09,9.97,0.04,10674,10125,9944,10075,10557,10413,10232,6.0,-369.0,-17.0
0.10,10.07,0.05,10674,10124,9944,10075,10557,10413,10232,6.0,-369.0,-19.0
0.10,10.08,0.05,10674,10125,9945,10075,10558,10413,10231,6.0,-369.0,-19.0
0.10,10.12,0.00,10674,10125,9943,10074,10557,10413,10232,6.0,-369.0,-18.0
0.10,10.17,0.00,10673,10125,9943,10075,10558,10413,10232,6.0,-369.0,-19.0
0.05,10.26,0.00,10674,10125,9945,10075,10557,10413,10232,6.0,-369.0,-19.0
0.09,10.27,0.00,10673,10125,9944,10075,10557,10414,10232,6.0,-369.0,-18.0
0.10,10.23,0.01,10673,10125,9944,10074,10557,10413,10232,6.0,-369.0,-20.0
0.10,10.27,0.05,10673,10125,9945,10075,10557,10413,10233,6.0,-369.0,-20.0
0.10,10.41,0.05,10674,10125,9944,10075,10557,10413,10231,6.0,-369.0,-20.0
0.05,10.60,0.05,10674,10124,9944,10074,10557,10413,10232,6.0,-369.0,-19.0
0.14,10.62,0.05,10673,10125,9944,10075,10556,10413,10233,6.0,-369.0,-19.0
0.10,10.75,0.05,10674,10125,9943,10074,10557,10412,10232,6.0,-369.0,-19.0
0.10,10.76,0.05,10673,10125,9944,10075,10557,10413,10233,6.0,-369.0,-19.0
0.10,10.81,0.05,10674,10124,9944,10075,10556,10413,10232,6.0,-369.0,-21.0
0.10,10.99,0.00,10673,10125,9943,10075,10557,10413,10232,5.0,-369.0,-21.0
0.14,10.97,0.09,10673,10125,9943,10074,10557,10413,10233,6.0,-370.0,-21.0
0.10,10.96,0.10,10673,10124,9943,10075,10557,10413,10232,6.0,-369.0,-21.0
0.14,11.05,0.01,10672,10124,9944,10074,10557,10413,10233,6.0,-370.0,-21.0
0.15,11.02,0.05,10673,10125,9944,10075,10557,10413,10233,6.0,-370.0,-21.0
0.15,11.10,0.14,10673,10125,9944,10074,10557,10414,10233,6.0,-369.0,-20.0
0.10,11.20,0.06,10674,10124,9943,10075,10557,10413,10233,5.0,-369.0,-22.0
0.10,11.12,0.05,10674,10124,9943,10074,10557,10413,10233,6.0,-369.0,-22.0
0.05,11.02,0.09,10674,10124,9943,10074,10557,10413,10232,6.0,-369.0,-21.0
0.05,10.97,0.05,10673,10125,9944,10074,10557,10412,10232,6.0,-369.0,-22.0
0.18,10.92,0.09,10673,10124,9943,10074,10556,10413,10233,5.0,-370.0,-21.0
0.15,10.91,0.10,10673,10124,9942,10075,10556,10411,10233,6.0,-369.0,-22.0
0.05,10.86,0.05,10673,10124,9943,10074,10556,10413,10234,6.0,-369.0,-22.0
0.09,10.82,0.05,10672,10124,9942,10074,10557,10412,10232,6.0,-369.0,-22.0
0.05,10.90,0.05,10673,10124,9942,10074,10557,10413,10232,7.0,-369.0,-22.0
0.09,10.96,0.05,10673,10125,9943,10074,10556,10413,10232,6.0,-369.0,-23.0
0.14,11.01,0.05,10672,10124,9943,10073,10557,10413,10234,6.0,-370.0,-22.0
0.06,11.01,0.05,10673,10124,9944,10075,10556,10413,10232,6.0,-369.0,-22.0
0.01,11.06,0.00,10674,10124,9943,10073,10557,10412,10232,6.0,-369.0,-23.0
0.00,11.15,0.09,10672,10125,9943,10074,10556,10412,10234,6.0,-369.0,-22.0
0.09,11.20,0.10,10672,10124,9943,10073,10557,10413,10233,7.0,-369.0,-22.0
0.10,11.25,0.05,10674,10123,9943,10074,10557,10413,10233,6.0,-369.0,-23.0
0.05,11.21,0.05,10673,10123,9942,10075,10556,10413,10233,6.0,-369.0,-23.0
0.05,11.25,0.05,10673,10124,9943,10073,10557,10413,10233,6.0,-370.0,-23.0
0.05,11.26,0.05,10674,10124,9943,10074,10556,10413,10233,6.0,-369.0,-23.0
0.09,11.30,0.05,10672,10124,9943,10074,10557,10412,10234,6.0,-369.0,-23.0
0.10,11.35,0.09,10673,10124,9943,10074,10556,10413,10233,6.0,-370.0,-23.0
0.05,11.36,0.05,10673,10123,9943,10074,10556,10413,10233,6.0,-369.0,-22.0
0.01,11.36,0.09,10673,10124,9944,10075,10556,10413,10231,6.0,-369.0,-22.0
0.04,11.40,0.10,10673,10125,9942,10074,10556,10412,10233,6.0,-369.0,-23.0
0.05,11.45,0.01,10673,10124,9943,10073,10556,10412,10233,6.0,-369.0,-23.0
0.05,11.54,0.09,10673,10123,9943,10074,10557,10412,10233,6.0,-369.0,-24.0
0.05,11.51,0.05,10673,10123,9943,10074,10556,10412,10232,6.0,-370.0,-24.0
0.14,11.59,0.05,10673,10124,9943,10073,10556,10413,10233,6.0,-370.0,-23.0
0.06,11.65,0.05,10673,10123,9943,10074,10556,10413,10231,7.0,-369.0,-24.0
0.05,11.78,0.05,10673,10122,9943,10073,10556,10413,10233,6.0,-370.0,-24.0
0.09,11.89,0.09,10671,10123,9942,10074,10556,10413,10233,6.0,-370.0,-24.0
0.10,11.94,0.10,10673,10124,9942,10073,10557,10413,10233,7.0,-370.0,-24.0
0.05,12.03,0.10,10673,10123,9942,10073,10556,10413,10233,6.0,-370.0,-23.0
0.09,12.04,0.05,10672,10123,9942,10073,10556,10413,10233,6.0,-370.0,-24.0
0.05,12.13,0.05,10673,10123,9943,10074,10556,10412,10233,6.0,-370.0,-24.0
0.05,12.19,0.05,10672,10123,9943,10073,10556,10412,10233,7.0,-370.0,-25.0
0.05,12.24,0.00,10673,10123,9941,10073,10556,10414,10233,7.0,-370.0,-25.0
0.05,12.24,0.00,10672,10123,9942,10074,10556,10413,10233,7.0,-370.0,-25.0
0.05,12.33,0.09,10671,10123,9943,10073,10556,10413,10231,6.0,-370.0,-25.0
0.05,12.34,0.05,10672,10123,9942,10073,10556,10412,10233,7.0,-370.0,-25.0
0.05,12.43,0.14,10673,10123,9942,10074,10556,10411,10233,7.0,-371.0,-26.0
0.05,12.48,0.06,10673,10124,9941,10074,10557,10413,10233,7.0,-370.0,-24.0
0.05,12.57,0.05,10672,10124,9942,10072,10556,10413,10233,7.0,-370.0,-26.0
0.05,12.58,0.09,10673,10123,9942,10073,10556,10412,10233,6.0,-371.0,-25.0
0.09,12.63,0.10,10673,10123,9941,10073,10556,10413,10233,7.0,-370.0,-25.0
0.05,12.63,0.14,10672,10123,9941,10073,10556,10412,10233,7.0,-370.0,-25.0
0.05,12.63,0.11,10673,10123,9942,10073,10556,10413,10232,7.0,-370.0,-26.0
0.05,12.68,0.10,10672,10123,9941,10072,10556,10412,10233,7.0,-370.0,-25.0
0.05,12.82,0.14,10672,10123,9941,10073,10556,10413,10234,7.0,-370.0,-27.0
0.05,12.92,0.10,10672,10123,9942,10073,10556,10413,10233,6.0,-370.0,-25.0
0.05,13.02,0.14,10672,10123,9942,10073,10556,10413,10233,7.0,-370.0,-27.0
0.05,13.07,0.10,10672,10122,9941,10073,10556,10412,10233,6.0,-371.0,-27.0
0.05,13.16,0.10,10672,10123,9941,10073,10556,10412,10233,7.0,-370.0,-26.0
0.09,13.22,0.05,10673,10122,9941,10073,10555,10413,10233,7.0,-370.0,-26.0
0.05,13.31,0.09,10672,10124,9941,10073,10556,10412,10233,7.0,-370.0,-27.0
0.09,13.37,0.10,10672,10122,9940,10073,10556,10412,10233,7.0,-370.0,-28.0
0.05,13.33,0.10,10673,10123,9940,10073,10555,10413,10234,7.0,-370.0,-26.0
0.05,13.37,0.05,10672,10122,9940,10072,10555,10413,10233,7.0,-370.0,-27.0
0.09,13.46,0.01,10672,10122,9941,10072,10556,10413,10234,7.0,-370.0,-27.0
0.05,13.47,0.09,10673,10123,9940,10073,10556,10412,10233,7.0,-370.0,-28.0
0.09,13.51,0.10,10672,10122,9941,10073,10556,10412,10234,7.0,-370.0,-28.0
0.01,13.61,0.10,10672,10123,9939,10073,10556,10412,10233,7.0,-370.0,-28.0
0.05,13.57,0.10,10672,10123,9942,10073,10555,10412,10232,7.0,-371.0,-28.0
0.09,13.39,0.05,10672,10123,9941,10072,10555,10412,10233,7.0,-370.0,-28.0
0.05,13.33,0.09,10672,10122,9940,10072,10556,10412,10233,7.0,-371.0,-29.0
0.09,13.28,0.10,10672,10122,9941,10072,10555,10411,10233,7.0,-371.0,-29.0
0.01,13.22,0.10,10671,10122,9941,10073,10555,10411,10234,7.0,-371.0,-29.0
0.05,13.27,0.10,10672,10121,9941,10072,10555,10413,10233,7.0,-371.0,-28.0
0.00,13.27,0.05,10672,10122,9941,10072,10555,10412,10233,7.0,-372.0,-28.0
0.09,13.36,0.09,10672,10121,9941,10072,10555,10413,10233,7.0,-370.0,-29.0
0.10,13.42,0.14,10672,10122,9941,10072,10555,10413,10233,7.0,-371.0,-28.0
0.10,13.42,0.10,10672,10122,9940,10073,10555,10412,10234,8.0,-371.0,-28.0
0.10,13.42,0.10,10671,10123,9940,10072,10555,10411,10233,7.0,-371.0,-29.0
0.19,13.47,0.14,10672,10122,9940,10072,10555,10412,10233,7.0,-370.0,-29.0
0.11,13.56,0.06,10671,10122,9941,10071,10555,10411,10234,7.0,-371.0,-28.0
0.05,13.57,0.09,10673,10122,9940,10072,10556,10412,10234,7.0,-371.0,-29.0
0.05,13.66,0.19,10672,10122,9939,10073,10555,10412,10234,7.0,-371.0,-30.0
0.05,13.58,0.11,10672,10122,9941,10072,10556,10412,10233,7.0,-371.0,-30.0
0.05,13.57,0.19,10672,10122,9941,10073,10555,10412,10235,7.0,-371.0,-30.0
0.00,13.57,0.11,10672,10122,9941,10073,10555,10412,10234,7.0,-371.0,-30.0
0.04,13.48,0.10,10672,10123,9940,10072,10555,10412,10233,7.0,-371.0,-29.0
0.09,13.47,0.05,10672,10123,9940,10072,10555,10412,10233,7.0,-370.0,-29.0
0.10,13.51,0.09,10672,10122,9938,10072,10555,10411,10233,7.0,-371.0,-29.0
0.05,13.61,0.10,10672,10123,9940,10072,10555,10412,10234,7.0,-371.0,-30.0
0.18,13.62,0.10,10673,10121,9940,10072,10555,10412,10233,7.0,-371.0,-30.0
0.06,13.66,0.10,10672,10122,9940,10071,10555,10412,10234,7.0,-371.0,-30.0
0.09,13.67,0.14,10672,10122,9941,10072,10555,10412,10233,8.0,-371.0,-29.0
0.10,13.84,0.06,10672,10122,9938,10072,10555,10412,10233,7.0,-371.0,-29.0
0.05,13.95,0.05,10672,10122,9941,10073,10555,10412,10234,6.0,-371.0,-30.0
0.01,14.09,0.09,10672,10123,9941,10072,10555,10411,10234,7.0,-371.0,-31.0
0.04,14.20,0.05,10672,10122,9940,10072,10556,10412,10234,8.0,-371.0,-30.0
0.05,14.21,0.09,10672,10121,9937,10073,10555,10412,10234,8.0,-371.0,-31.0
0.00,14.25,0.10,10672,10121,9942,10072,10555,10412,10233,7.0,-371.0,-31.0
0.09,14.34,0.05,10672,10122,9938,10072,10555,10412,10234,7.0,-371.0,-31.0
0.05,14.44,0.05,10671,10122,9940,10072,10555,10412,10234,8.0,-371.0,-31.0
0.01,14.50,0.09,10671,10123,9940,10072,10555,10411,10233,8.0,-371.0,-31.0
0.09,14.59,0.10,10672,10121,9941,10072,10555,10411,10234,8.0,-371.0,-31.0
0.05,14.60,0.10,10672,10121,9940,10072,10555,10412,10233,8.0,-371.0,-30.0
0.01,14.73,0.14,10671,10123,9939,10073,10555,10412,10234,8.0,-371.0,-31.0
0.04,14.79,0.10,10672,10121,9940,10071,10555,10411,10234,8.0,-371.0,-32.0
0.05,14.75,0.14,10672,10121,9940,10072,10555,10412,10233,8.0,-371.0,-31.0
0.09,14.79,0.10,10671,10122,9940,10071,10555,10412,10234,8.0,-371.0,-31.0
0.10,14.80,0.14,10671,10122,9940,10070,10555,10410,10234,8.0,-372.0,-31.0
0.05,14.80,0.10,10672,10121,9940,10072,10555,10412,10233,8.0,-371.0,-32.0
0.09,14.80,0.10,10672,10122,9940,10072,10555,10412,10235,8.0,-371.0,-32.0
0.05,14.89,0.19,10671,10121,9940,10072,10555,10412,10234,8.0,-371.0,-32.0
0.05,14.85,0.05,10672,10122,9940,10072,10555,10412,10234,8.0,-371.0,-31.0
0.09,15.02,0.09,10671,10122,9941,10071,10555,10411,10234,8.0,-371.0,-33.0
0.05,15.09,0.14,10671,10121,9941,10072,10555,10411,10233,8.0,-371.0,-33.0
0.09,15.18,0.15,10671,10122,9940,10071,10555,10412,10234,8.0,-371.0,-32.0
0.10,15.28,0.10,10672,10121,9940,10071,10555,10410,10235,8.0,-371.0,-32.0
0.10,15.38,0.14,10671,10122,9938,10072,10555,10411,10235,8.0,-371.0,-33.0
0.05,15.39,0.15,10671,10122,9940,10071,10555,10411,10233,8.0,-371.0,-32.0
0.05,15.43,0.10,10672,10121,9940,10071,10555,10412,10235,8.0,-371.0,-33.0
0.05,15.57,0.10,10671,10120,9940,10071,10555,10411,10234,8.0,-371.0,-34.0
0.05,15.63,0.14,10672,10122,9939,10072,10555,10411,10235,8.0,-371.0,-34.0
0.09,15.68,0.10,10672,10121,9940,10071,10554,10412,10234,8.0,-371.0,-34.0
0.10,15.73,0.10,10671,10120,9939,10072,10555,10411,10235,8.0,-371.0,-34.0
0.05,15.86,0.14,10671,10122,9939,10072,10555,10412,10234,8.0,-371.0,-34.0
0.09,15.88,0.10,10671,10121,9939,10072,10554,10412,10234,8.0,-371.0,-33.0
0.05,15.92,0.10,10671,10121,9940,10071,10554,10412,10234,8.0,-371.0,-35.0
0.05,15.88,0.10,10671,10121,9940,10072,10555,10412,10234,8.0,-372.0,-34.0
0.00,15.97,0.10,10672,10120,9939,10071,10555,10412,10234,8.0,-372.0,-35.0
0.04,15.93,0.14,10671,10121,9940,10070,10555,10411,10234,8.0,-372.0,-35.0
0.09,15.80,0.10,10671,10121,9939,10072,10555,10411,10234,8.0,-373.0,-34.0
0.05,15.74,0.19,10671,10120,9939,10071,10555,10411,10234,8.0,-372.0,-35.0
0.09,15.63,0.10,10670,10120,9940,10071,10555,10412,10234,8.0,-372.0,-34.0
0.10,15.63,0.14,10670,10121,9940,10071,10555,10411,10233,8.0,-372.0,-34.0
0.10,15.63,0.15,10671,10121,9940,10071,10555,10412,10235,8.0,-372.0,-36.0
0.10,15.72,0.15,10670,10121,9939,10071,10555,10412,10234,8.0,-372.0,-36.0
0.05,15.73,0.15,10671,10120,9939,10071,10555,10411,10234,8.0,-372.0,-35.0
0.05,15.73,0.10,10671,10120,9940,10070,10555,10411,10234,8.0,-373.0,-35.0
0.05,15.78,0.14,10671,10121,9939,10071,10555,10410,10234,8.0,-372.0,-36.0
0.05,15.74,0.10,10670,10121,9939,10070,10554,10411,10234,8.0,-373.0,-36.0
0.00,15.86,0.14,10671,10120,9940,10071,10555,10411,10234,8.0,-372.0,-35.0
0.04,15.92,0.10,10671,10120,9939,10071,10555,10411,10234,8.0,-372.0,-35.0
0.09,16.02,0.14,10671,10120,9939,10071,10555,10411,10233,8.0,-373.0,-37.0
0.10,15.98,0.15,10671,10120,9938,10071,10555,10411,10234,8.0,-372.0,-36.0
0.05,16.02,0.10,10671,10120,9940,10070,10555,10412,10235,8.0,-372.0,-35.0
0.09,15.98,0.10,10671,10120,9939,10071,10555,10411,10234,8.0,-373.0,-36.0
0.05,16.02,0.05,10671,10120,9939,10071,10555,10411,10234,8.0,-372.0,-37.0
0.05,16.07,0.09,10671,10120,9937,10070,10554,10411,10235,8.0,-373.0,-36.0
0.05,16.12,0.10,10671,10120,9940,10071,10555,10411,10234,8.0,-373.0,-36.0
0.00,16.12,0.10,10671,10120,9939,10071,10555,10411,10233,8.0,-372.0,-37.0
0.04,16.12,0.10,10671,10120,9938,10071,10555,10411,10234,8.0,-372.0,-36.0
0.00,16.17,0.10,10670,10120,9938,10070,10554,10411,10234,8.0,-372.0,-36.0
0.04,16.18,0.10,10671,10120,9939,10071,10554,10412,10234,8.0,-373.0,-36.0
0.05,16.26,0.10,10670,10120,9940,10070,10554,10411,10234,8.0,-373.0,-37.0
0.09,16.40,0.10,10670,10120,9939,10072,10554,10411,10234,8.0,-373.0,-37.0
0.10,16.51,0.10,10671,10120,9939,10071,10555,10412,10235,8.0,-373.0,-37.0
0.10,16.61,0.14,10670,10120,9937,10071,10554,10411,10234,8.0,-373.0,-37.0
0.05,16.66,0.15,10671,10121,9937,10070,10555,10411,10234,7.0,-373.0,-37.0
0.18,16.71,0.15,10671,10120,9939,10070,10555,10411,10234,8.0,-373.0,-37.0
0.11,16.76,0.15,10671,10120,9939,10070,10555,10411,10235,8.0,-373.0,-38.0
0.01,16.81,0.15,10671,10120,9938,10071,10554,10411,10235,7.0,-373.0,-37.0
0.05,16.86,0.15,10670,10120,9937,10071,10555,10411,10234,8.0,-373.0,-37.0
0.09,16.91,0.10,10670,10120,9938,10070,10555,10410,10235,8.0,-373.0,-37.0
0.05,16.96,0.14,10670,10120,9938,10071,10554,10411,10234,8.0,-373.0,-37.0
0.05,17.00,0.24,10670,10120,9939,10071,10554,10410,10234,8.0,-373.0,-37.0
0.05,17.14,0.11,10670,10120,9937,10070,10554,10411,10235,8.0,-373.0,-38.0
0.09,17.16,0.14,10671,10120,9938,10070,10554,10410,10234,8.0,-372.0,-38.0
0.05,17.16,0.15,10670,10120,9938,10071,10554,10411,10234,8.0,-372.0,-38.0
0.05,17.25,0.10,10671,10120,9938,10070,10554,10411,10234,9.0,-372.0,-38.0
0.05,17.25,0.10,10671,10120,9937,10071,10554,10411,10234,9.0,-372.0,-39.0
0.09,17.30,0.10,10670,10120,9939,10071,10554,10411,10234,8.0,-372.0,-38.0
0.05,17.39,0.14,10671,10119,9938,10071,10554,10410,10234,9.0,-372.0,-38.0
0.05,17.45,0.11,10670,10120,9938,10070,10554,10411,10234,9.0,-372.0,-39.0
0.09,17.54,0.19,10671,10120,9939,10070,10554,10410,10234,9.0,-372.0,-38.0
0.10,17.51,0.11,10670,10120,9937,10070,10554,10411,10234,8.0,-372.0,-40.0
0.10,17.55,0.10,10670,10120,9937,10070,10554,10411,10235,9.0,-372.0,-39.0
0.05,17.64,0.10,10670,10119,9935,10070,10554,10410,10235,9.0,-372.0,-40.0
0.05,17.82,0.14,10670,10120,9937,10070,10554,10411,10234,9.0,-372.0,-40.0
0.00,17.84,0.15,10671,10119,9937,10070,10555,10411,10234,9.0,-372.0,-39.0
0.09,18.07,0.15,10670,10119,9939,10070,10553,10411,10234,9.0,-373.0,-40.0
0.01,18.04,0.15,10670,10120,9938,10070,10554,10411,10234,9.0,-373.0,-40.0
0.13,18.04,0.15,10670,10119,9937,10070,10554,10411,10234,9.0,-373.0,-41.0
0.10,18.13,0.15,10670,10119,9937,10071,10553,10411,10234,9.0,-373.0,-40.0
0.05,18.14,0.15,10670,10120,9936,10070,10554,10411,10235,9.0,-373.0,-40.0
0.09,18.14,0.15,10669,10120,9937,10070,10554,10411,10234,9.0,-373.0,-41.0
0.05,18.18,0.10,10670,10119,9937,10069,10554,10410,10234,9.0,-373.0,-40.0
0.05,18.28,0.14,10670,10120,9937,10070,10553,10410,10234,9.0,-372.0,-40.0
0.09,18.29,0.15,10670,10119,9937,10070,10554,10411,10235,9.0,-373.0,-40.0
0.05,18.38,0.28,10670,10119,9937,10070,10554,10410,10234,9.0,-373.0,-42.0
0.05,18.25,0.12,10670,10119,9937,10070,10554,10411,10234,9.0,-373.0,-42.0
0.05,18.15,0.14,10670,10119,9937,10070,10553,10410,10234,9.0,-373.0,-41.0
0.09,18.10,0.10,10670,10119,9936,10070,10554,10411,10235,9.0,-373.0,-41.0
0.05,17.99,0.15,10670,10120,9937,10069,10553,10410,10234,9.0,-372.0,-41.0
0.05,17.99,0.15,10670,10119,9937,10070,10553,10411,10234,9.0,-373.0,-41.0
0.09,18.04,0.15,10670,10119,9937,10070,10553,10410,10235,9.0,-373.0,-43.0
0.05,18.13,0.15,10670,10120,9937,10069,10554,10410,10235,9.0,-373.0,-42.0
0.09,18.18,0.15,10670,10119,9936,10070,10554,10411,10235,10.0,-373.0,-42.0
0.10,18.19,0.15,10670,10118,9937,10070,10553,10410,10234,9.0,-373.0,-43.0
0.10,18.19,0.10,10670,10119,9937,10070,10554,10410,10234,9.0,-373.0,-42.0
0.05,18.19,0.10,10670,10120,9938,10069,10554,10410,10235,10.0,-373.0,-43.0
0.23,18.19,0.14,10670,10118,9937,10070,10554,10410,10235,10.0,-373.0,-42.0
0.11,18.28,0.15,10670,10118,9936,10070,10553,10410,10235,10.0,-373.0,-43.0
0.06,18.24,0.10,10670,10120,9936,10069,10553,10410,10235,10.0,-373.0,-42.0
0.14,18.28,0.14,10669,10119,9937,10070,10554,10410,10234,10.0,-373.0,-42.0
0.15,18.33,0.15,10670,10119,9937,10070,10553,10410,10234,10.0,-373.0,-43.0
0.10,18.34,0.10,10670,10119,9937,10069,10554,10411,10234,10.0,-373.0,-42.0
0.05,18.38,0.14,10670,10120,9938,10069,10554,10411,10235,10.0,-372.0,-44.0
0.09,18.43,0.15,10670,10119,9936,10069,10554,10410,10234,10.0,-373.0,-43.0
0.05,18.48,0.15,10670,10119,9937,10070,10554,10410,10234,9.0,-374.0,-44.0
0.05,18.48,0.10,10670,10119,9936,10071,10554,10410,10235,10.0,-372.0,-43.0
0.09,18.53,0.19,10669,10119,9936,10069,10553,10410,10234,10.0,-373.0,-44.0
