pressure1,pressure2,pressure3,stress1,stress2,stress3,stress4,stress5,stress6,stress7,x,y,z
0.05,0,-0.05,10664,10136,9943,10071,10588,10434,10233,0,-348,0
-0.05,0,-0.04,10664,10137,9942,10071,10589,10434,10234,0,-347,0
0,0,-0.05,10664,10137,9941,10071,10589,10434,10234,0,-347,1
-0.05,0,-0.05,10665,10137,9943,10071,10588,10434,10234,0,-347,1
-0.05,0,-0.05,10663,10136,9942,10072,10589,10434,10234,0,-346,0
-0.05,0,-0.04,10663,10137,9943,10072,10589,10434,10234,0,-347,1
-0.05,0,-0.05,10663,10136,9942,10072,10589,10434,10233,0,-347,1
-0.04,0,-0.05,10664,10137,9942,10072,10589,10434,10234,-1,-347,1
-0.04,0,-0.09,10664,10136,9942,10072,10589,10434,10234,-1,-347,1
0.52,0,-0.05,10664,10136,9942,10072,10589,10434,10234,-1,-347,1
3.93,0,0,10663,10137,9941,10071,10588,10433,10232,-1,-347,2
4.53,0,0,10664,10137,9940,10070,10588,10433,10230,2,-348,4
4.75,0,0.05,10664,10137,9940,10071,10588,10433,10230,4,-349,6
5.34,0,0.04,10663,10137,9940,10069,10588,10432,10229,5,-349,7
5.88,0,0.1,10663,10137,9939,10069,10587,10432,10229,6,-350,8
6.68,0,0.05,10663,10138,9939,10069,10587,10432,10227,7,-350,9
6.98,0,0.05,10663,10138,9939,10069,10587,10432,10227,8,-351,10
7.37,0,0.1,10663,10137,9938,10068,10587,10430,10226,9,-351,10
7.74,0,0.1,10663,10138,9938,10068,10587,10431,10225,10,-351,11
8.45,0,0.14,10663,10138,9936,10068,10586,10431,10225,11,-351,12
9.04,0,0.14,10663,10138,9937,10068,10586,10431,10224,12,-352,13
9.33,0,0.15,10663,10138,9936,10067,10586,10431,10224,13,-352,13
9.81,0,0.15,10662,10138,9935,10067,10586,10431,10222,14,-352,15
10.6,0,0.24,10662,10138,9935,10067,10586,10431,10221,15,-353,15
11.1,0,0.19,10662,10138,9936,10067,10586,10430,10220,17,-353,16
11.94,0,0.15,10662,10137,9934,10065,10586,10430,10219,18,-354,18
11.81,0,0.2,10662,10138,9934,10065,10586,10430,10219,19,-354,19
12.38,0,0.24,10662,10137,9933,10066,10585,10430,10219,20,-354,20
12.72,0,0.2,10661,10138,9932,10066,10585,10430,10217,21,-354,20
13.56,0,0.25,10661,10138,9933,10066,10585,10430,10217,22,-355,21
14.05,0,0.2,10661,10138,9931,10065,10584,10430,10216,23,-355,22
14.39,0,0.25,10661,10138,9932,10065,10585,10428,10215,24,-355,23
14.83,0,0.25,10661,10138,9931,10065,10584,10430,10214,25,-356,24
15.57,0,0.25,10660,10139,9930,10063,10585,10430,10212,26,-356,25
16.25,0,0.29,10660,10137,9931,10064,10584,10429,10212,27,-356,26
17.04,0,0.29,10660,10138,9929,10064,10584,10429,10210,28,-356,27
16.94,0,0.29,10660,10138,9930,10062,10584,10429,10209,30,-357,28
17.3,0,0.29,10661,10138,9930,10062,10584,10428,10208,30,-357,29
18.06,0,0.3,10661,10138,9930,10062,10583,10429,10207,31,-357,30
18.67,0,0.34,10660,10138,9929,10062,10584,10428,10203,32,-357,30
18.93,0,0.34,10660,10137,9929,10062,10584,10428,10201,33,-358,30
19.26,0,0.34,10660,10139,9928,10062,10583,10428,10197,34,-358,32
19.67,0,0.43,10660,10139,9929,10062,10583,10428,10191,35,-358,33
19.48,0,0.35,10660,10137,9928,10062,10583,10427,10189,36,-358,34
19.37,0,0.39,10660,10138,9928,10061,10582,10427,10187,37,-358,34
19.23,0,0.44,10660,10140,9928,10061,10582,10427,10186,37,-358,34
18.12,0,0.4,10660,10138,9927,10061,10582,10427,10186,37,-358,34
17.31,0,0.39,10659,10139,9928,10061,10583,10427,10187,36,-358,34
17.2,0,0.35,10660,10138,9928,10062,10583,10427,10187,35,-358,33
16.58,0,0.44,10660,10138,9928,10061,10582,10428,10188,35,-358,32
16.05,0,0.44,10659,10138,9928,10062,10583,10427,10188,34,-357,32
15.25,0,0.49,10659,10139,9928,10063,10582,10428,10189,33,-357,31
15.1,0,0.64,10660,10138,9930,10062,10582,10428,10189,32,-357,30
14.47,0,0.74,10660,10137,9930,10062,10583,10428,10190,31,-357,30
14.03,0,0.98,10659,10137,9929,10063,10582,10427,10191,30,-357,29
13.38,0,0.98,10660,10137,9930,10063,10582,10429,10191,29,-357,28
13.03,0,0.98,10660,10137,9931,10062,10583,10429,10192,28,-356,28
12.59,0,0.98,10660,10137,9930,10063,10583,10429,10194,28,-356,27
12.07,0,0.98,10660,10137,9931,10063,10583,10429,10194,26,-356,26
11.42,0,0.94,10660,10136,9931,10064,10583,10430,10195,25,-356,26
10.98,0,0.98,10660,10137,9932,10063,10582,10430,10196,24,-356,25
10.08,0,0.94,10660,10136,9932,10064,10583,10429,10198,23,-355,24
10.13,0,0.98,10661,10136,9933,10064,10584,10430,10199,22,-355,23
9.6,0,0.94,10660,10137,9932,10065,10584,10430,10200,21,-355,22
9.16,0,0.98,10661,10137,9933,10065,10584,10429,10200,20,-355,22
8.41,0,0.99,10661,10135,9933,10064,10584,10430,10202,19,-354,21
7.92,0,0.98,10661,10137,9935,10065,10584,10430,10204,18,-354,20
7.67,0,0.94,10661,10137,9934,10065,10584,10430,10205,17,-354,19
7.24,0,0.98,10661,10137,9934,10065,10584,10430,10207,16,-353,18
6.46,0,0.98,10662,10137,9934,10065,10585,10430,10208,15,-353,18
6,0,0.94,10662,10137,9935,10067,10585,10431,10209,14,-353,17
5.33,0,0.94,10661,10136,9935,10066,10585,10431,10212,12,-353,15
5.06,0,0.93,10662,10137,9934,10067,10585,10431,10214,12,-352,15
4.92,0,0.94,10662,10136,9935,10067,10585,10432,10214,10,-352,14
4.65,0,0.98,10662,10136,9936,10067,10585,10431,10215,11,-352,13
3.46,0,0.98,10662,10136,9938,10066,10586,10432,10217,9,-351,13
2.95,0,0.93,10662,10137,9938,10068,10586,10433,10220,8,-351,11
2.7,0,0.98,10663,10136,9939,10068,10585,10432,10221,6,-350,10
2.28,0,0.98,10663,10136,9938,10068,10586,10432,10223,5,-350,10
1.49,0,0.98,10662,10136,9940,10068,10586,10432,10224,4,-350,9
0.95,0,0.98,10662,10135,9939,10069,10587,10433,10225,3,-349,8
0.15,0,1.59,10663,10135,9940,10069,10587,10434,10227,2,-349,7
0.09,0,1.96,10663,10135,9941,10069,10586,10432,10227,0,-348,6
0.2,0,1.87,10663,10135,9943,10070,10586,10433,10227,-1,-348,5
0.34,0,1.87,10663,10135,9941,10070,10586,10434,10227,-2,-348,6
1.16,0,1.97,10663,10135,9940,10069,10586,10433,10227,-2,-348,6
2.05,0,1.97,10663,10135,9942,10069,10586,10434,10226,-2,-348,6
2.98,0,2.02,10662,10135,9941,10070,10586,10433,10225,-2,-349,7
2.8,0,2.02,10663,10135,9940,10068,10585,10433,10224,-1,-349,8
3.38,0,2.06,10663,10135,9940,10069,10585,10432,10223,0,-349,8
3.78,0,2.02,10663,10135,9940,10068,10586,10432,10223,1,-350,9
4.56,0,2.07,10663,10135,9940,10068,10585,10432,10222,1,-350,9
5.14,0,2.11,10663,10134,9939,10068,10585,10431,10221,3,-350,10
5.89,0,2.16,10663,10136,9938,10067,10585,10431,10221,3,-350,12
5.94,0,2.16,10663,10135,9939,10068,10585,10432,10220,4,-351,13
6.29,0,2.17,10663,10135,9939,10067,10584,10432,10218,6,-351,13
6.91,0,2.21,10662,10136,9937,10067,10585,10431,10218,5,-351,14
7.6,0,2.22,10662,10135,9937,10065,10585,10431,10216,6,-352,15
7.96,0,2.26,10662,10135,9937,10066,10584,10431,10215,8,-352,16
8.4,0,2.21,10662,10135,9937,10066,10584,10430,10212,8,-352,16
8.83,0,2.16,10662,10136,9936,10065,10584,10431,10210,10,-353,17
9.67,0,2.21,10662,10136,9935,10065,10584,10430,10206,10,-353,18
10.15,0,2.16,10662,10135,9935,10065,10583,10430,10205,11,-353,19
10.85,0,2.07,10661,10135,9934,10064,10583,10430,10202,13,-354,20
10.95,0,2.01,10661,10135,9934,10065,10583,10431,10201,14,-354,21
11.49,0,2.06,10661,10135,9934,10064,10582,10430,10200,15,-355,22
11.92,0,2.02,10661,10136,9932,10064,10583,10430,10198,16,-355,23
12.44,0,2.02,10661,10136,9934,10064,10583,10430,10197,17,-355,23
13.25,0,2.02,10661,10136,9932,10063,10583,10429,10195,18,-355,24
14.04,0,2.06,10659,10136,9933,10063,10582,10429,10195,19,-356,25
13.94,0,2.02,10660,10136,9932,10063,10582,10428,10194,21,-356,26
14.35,0,2.02,10660,10135,9932,10062,10582,10429,10191,21,-356,27
14.97,0,2.02,10660,10136,9930,10062,10582,10428,10191,22,-356,27
15.76,0,2.02,10661,10136,9930,10062,10582,10428,10190,23,-356,28
15.87,0,2.06,10660,10136,9930,10062,10582,10428,10188,24,-357,29
16.45,0,2.02,10660,10136,9930,10062,10581,10428,10187,25,-357,30
16.94,0,2.02,10660,10136,9930,10061,10581,10427,10186,26,-357,31
17.73,0,2.06,10659,10136,9929,10061,10581,10428,10186,27,-357,32
17.89,0,2.06,10660,10136,9929,10061,10581,10428,10185,28,-357,33
18.47,0,2.02,10660,10136,9927,10062,10581,10427,10183,29,-358,33
18.91,0,2.06,10660,10136,9929,10061,10580,10426,10183,30,-358,34
19.75,0,2.11,10660,10135,9929,10060,10581,10426,10180,31,-358,35
19.82,0,2.11,10660,10136,9928,10060,10580,10426,10181,32,-358,36
19.57,0,2.21,10659,10136,9927,10060,10580,10426,10179,33,-359,37
19.01,0,2.54,10659,10136,9927,10060,10580,10427,10179,34,-358,37
18.3,0,3.05,10659,10136,9928,10060,10580,10426,10180,33,-359,37
18.05,0,2.95,10659,10135,9927,10060,10579,10427,10180,32,-358,37
17.51,0,2.95,10659,10135,9927,10060,10580,10426,10180,31,-359,37
17.03,0,2.9,10660,10136,9928,10060,10580,10427,10180,30,-358,36
16.23,0,2.9,10660,10136,9928,10061,10580,10426,10181,29,-358,36
16.12,0,2.95,10659,10135,9929,10060,10579,10426,10181,29,-358,35
15.45,0,2.95,10659,10134,9929,10061,10579,10426,10182,27,-358,35
14.88,0,2.95,10660,10135,9929,10061,10580,10427,10182,28,-358,34
14.22,0,2.95,10660,10135,9930,10060,10580,10427,10184,26,-358,34
14.12,0,2.9,10659,10135,9930,10061,10580,10427,10185,25,-358,33
13.62,0,2.95,10659,10135,9930,10061,10580,10428,10186,24,-357,32
13.1,0,2.95,10660,10135,9930,10061,10580,10428,10186,23,-357,31
12.31,0,2.95,10660,10135,9931,10062,10581,10427,10187,23,-357,31
11.95,0,2.95,10660,10135,9931,10062,10581,10428,10188,21,-357,30
11.57,0,3,10660,10135,9931,10062,10581,10429,10189,20,-357,29
11.22,0,2.95,10660,10134,9931,10061,10581,10428,10190,19,-356,28
10.43,0,2.95,10660,10135,9932,10063,10581,10428,10190,19,-356,27
9.98,0,2.95,10660,10135,9932,10062,10581,10430,10193,18,-356,26
9.6,0,2.95,10660,10134,9933,10063,10581,10429,10193,17,-356,26
9.3,0,2.95,10660,10135,9933,10063,10581,10429,10194,16,-355,25
8.47,0,2.95,10661,10134,9933,10063,10582,10430,10195,15,-355,24
7.8,0,2.91,10660,10135,9934,10063,10582,10430,10198,13,-355,23
7.1,0,2.95,10661,10133,9934,10064,10582,10430,10199,12,-354,22
7.13,0,2.99,10661,10134,9934,10064,10583,10430,10200,11,-354,21
6.7,0,2.95,10661,10134,9935,10065,10582,10430,10201,10,-354,20
6.44,0,2.95,10661,10135,9935,10065,10583,10430,10201,9,-354,20
5.83,0,2.95,10661,10135,9936,10065,10583,10430,10203,8,-353,19
5.41,0,2.95,10661,10135,9937,10065,10583,10431,10204,7,-353,18
4.1,0,2.95,10660,10135,9935,10065,10582,10431,10206,6,-353,17
4.09,0,2.95,10662,10134,9936,10066,10584,10431,10209,6,-352,16
3.65,0,2.95,10662,10134,9938,10066,10584,10432,10211,3,-352,15
3.31,0,2.99,10662,10134,9937,10066,10584,10432,10212,3,-351,14
2.52,0,2.99,10663,10135,9938,10067,10583,10432,10214,1,-351,13
1.84,0,2.95,10662,10135,9939,10067,10584,10432,10216,0,-351,13
1.1,0,2.95,10662,10134,9940,10068,10585,10433,10219,-1,-350,11
1.22,0,2.99,10663,10135,9940,10069,10585,10433,10220,-2,-350,10
0.7,0,3.28,10663,10135,9940,10068,10584,10433,10221,-3,-349,10
0.35,0,3.93,10663,10134,9941,10068,10584,10433,10221,-4,-349,9
0.49,0,3.98,10663,10133,9940,10069,10585,10433,10221,-6,-349,9
0.54,0,3.93,10663,10133,9941,10069,10584,10433,10221,-7,-349,9
0.59,0,3.93,10663,10134,9942,10068,10585,10433,10221,-7,-349,9
0.83,0,3.98,10663,10133,9942,10068,10584,10432,10221,-8,-349,8
2.18,0,3.98,10662,10134,9940,10068,10584,10433,10221,-8,-348,9
3.17,0,4.03,10663,10132,9941,10068,10584,10432,10220,-7,-349,10
3.94,0,4.03,10662,10134,9940,10068,10584,10433,10217,-5,-349,11
3.87,0,4.03,10663,10133,9940,10068,10584,10432,10216,-4,-350,12
4.28,0,4.08,10663,10133,9940,10067,10583,10431,10215,-4,-350,13
4.9,0,4.08,10662,10135,9939,10067,10583,10432,10214,-3,-350,14
5.64,0,4.08,10663,10134,9939,10066,10583,10432,10212,-3,-351,15
6.04,0,4.08,10662,10133,9939,10066,10582,10432,10208,0,-351,16
6.43,0,4.12,10662,10132,9938,10066,10583,10431,10208,0,-351,16
6.82,0,4.09,10662,10134,9937,10065,10582,10431,10206,0,-352,17
7.6,0,4.13,10661,10133,9938,10066,10583,10431,10205,1,-352,18
8.09,0,4.13,10662,10133,9937,10065,10582,10430,10203,2,-353,19
8.84,0,4.13,10661,10134,9937,10065,10582,10430,10200,3,-353,20
8.9,0,4.13,10662,10134,9936,10064,10582,10430,10199,5,-353,21
9.43,0,4.08,10662,10134,9935,10064,10582,10430,10199,5,-354,22
9.82,0,4.08,10660,10134,9935,10064,10582,10430,10197,6,-354,22
10.61,0,4.04,10661,10134,9934,10064,10581,10430,10197,7,-354,23
11.1,0,4.08,10661,10135,9935,10063,10582,10429,10195,9,-354,24
11.4,0,4.08,10661,10134,9934,10063,10581,10430,10193,9,-355,25
11.92,0,4.08,10661,10134,9933,10063,10581,10430,10192,11,-355,26
12.43,0,4.08,10660,10133,9932,10063,10581,10429,10191,11,-355,26
12.98,0,4.08,10661,10135,9933,10063,10581,10426,10189,13,-356,27
13.36,0,4.08,10660,10134,9932,10062,10581,10428,10189,14,-356,28
13.99,0,4.03,10660,10134,9932,10062,10581,10428,10187,15,-356,29
14.73,0,4.08,10660,10134,9931,10062,10580,10428,10187,16,-356,30
14.9,0,4.08,10660,10135,9932,10061,10580,10428,10185,17,-356,31
15.52,0,4.03,10660,10134,9931,10060,10580,10427,10185,18,-357,32
15.86,0,4.03,10659,10134,9930,10061,10580,10428,10183,19,-357,33
16.8,0,4.03,10660,10134,9930,10061,10580,10428,10182,20,-357,33
16.81,0,4.04,10659,10134,9929,10060,10579,10427,10181,21,-358,34
17.49,0,4.08,10660,10135,9930,10060,10579,10428,10181,22,-358,35
17.92,0,4.08,10660,10135,9930,10060,10579,10427,10180,23,-358,36
18.82,0,4.08,10660,10134,9929,10060,10579,10426,10178,23,-358,37
19.02,0,4.03,10659,10134,9929,10059,10579,10425,10178,25,-358,38
19.56,0,4.12,10659,10134,9927,10059,10578,10425,10176,26,-359,38
19.66,0,4.18,10658,10135,9928,10059,10579,10426,10176,27,-359,39
19.52,0,4.41,10659,10135,9928,10059,10579,10426,10175,28,-359,40
19.38,0,4.91,10659,10134,9927,10059,10579,10426,10175,27,-359,40
18.81,0,5.02,10658,10134,9927,10059,10578,10426,10174,27,-359,41
18.01,0,4.92,10659,10133,9927,10059,10578,10426,10175,26,-359,41
17.27,0,4.92,10659,10134,9928,10059,10578,10426,10175,25,-359,40
17.1,0,4.92,10659,10133,9928,10059,10578,10427,10175,24,-359,40
16.53,0,4.96,10659,10133,9929,10060,10578,10426,10176,24,-359,39
15.96,0,4.96,10659,10133,9928,10060,10578,10426,10177,23,-359,39
15.21,0,4.87,10659,10134,9930,10059,10578,10426,10177,22,-358,38
15.14,0,4.92,10659,10133,9929,10060,10579,10427,10178,21,-358,37
14.55,0,4.91,10659,10134,9929,10060,10578,10427,10179,20,-358,36
14.09,0,4.97,10660,10133,9930,10060,10578,10427,10178,19,-358,36
13.28,0,4.96,10660,10133,9930,10061,10579,10427,10180,19,-358,35
13.07,0,4.92,10659,10134,9930,10061,10578,10427,10181,18,-357,34
12.5,0,4.96,10659,10133,9932,10060,10578,10427,10182,16,-357,33
12.11,0,4.92,10659,10133,9932,10061,10579,10428,10182,16,-357,33
11.37,0,4.97,10659,10134,9931,10061,10578,10428,10184,15,-357,32
10.94,0,4.96,10660,10133,9931,10061,10579,10428,10184,14,-357,31
10.19,0,4.92,10659,10133,9932,10063,10579,10429,10186,13,-356,30
10.08,0,4.96,10660,10132,9932,10062,10579,10428,10187,11,-356,29
9.59,0,4.96,10660,10133,9932,10062,10580,10429,10188,10,-356,29
9.26,0,4.96,10660,10132,9931,10062,10580,10429,10189,10,-356,28
8.37,0,4.96,10660,10133,9934,10062,10580,10429,10190,9,-355,27
7.89,0,4.92,10660,10133,9934,10063,10580,10430,10191,8,-355,26
7.05,0,4.97,10661,10133,9935,10062,10580,10430,10193,6,-355,25
7.18,0,4.92,10660,10131,9936,10063,10581,10430,10195,5,-354,24
6.85,0,4.92,10661,10132,9935,10063,10580,10430,10195,4,-354,23
6.53,0,4.92,10661,10132,9936,10064,10580,10431,10195,3,-354,23
5.67,0,4.92,10660,10133,9936,10064,10581,10430,10197,3,-353,22
5.26,0,4.92,10661,10133,9936,10064,10581,10431,10199,2,-353,21
4.1,0,4.92,10661,10133,9937,10065,10581,10431,10201,0,-353,20
4.13,0,4.92,10662,10133,9938,10065,10581,10432,10202,-1,-352,19
3.7,0,4.96,10662,10132,9938,10065,10581,10432,10204,-2,-351,18
3.3,0,4.96,10662,10132,9938,10065,10581,10431,10205,-3,-351,17
2.48,0,4.92,10662,10132,9940,10065,10582,10432,10208,-3,-351,16
1.89,0,4.92,10662,10133,9940,10067,10583,10431,10209,-5,-351,16
1.14,0,4.96,10662,10132,9940,10067,10582,10432,10211,-7,-350,14
1.18,0,4.96,10662,10132,9940,10066,10582,10433,10212,-8,-350,13
0.7,0,5.49,10662,10132,9941,10066,10582,10433,10214,-9,-349,12
0.35,0,5.8,10662,10132,9941,10067,10583,10433,10215,-10,-349,12
0.49,0,5.94,10663,10133,9940,10067,10583,10433,10215,-11,-349,12
0.49,0,6,10663,10132,9942,10067,10583,10433,10214,-13,-349,12
0.59,0,6,10663,10131,9941,10066,10582,10433,10215,-13,-349,12
0.78,0,5.95,10663,10131,9943,10067,10582,10433,10214,-14,-348,12
2.09,0,5.99,10662,10132,9942,10066,10583,10432,10213,-14,-348,12
3.25,0,6,10662,10132,9940,10066,10582,10432,10211,-13,-349,13
4.04,0,6.05,10662,10131,9941,10066,10581,10432,10209,-12,-349,14
3.74,0,6,10662,10131,9940,10065,10581,10431,10207,-9,-350,15
4.22,0,6,10662,10132,9940,10065,10581,10432,10206,-9,-350,16
4.95,0,6.04,10662,10132,9940,10065,10581,10432,10205,-8,-350,17
5.74,0,6.04,10662,10131,9939,10065,10581,10431,10204,-8,-351,17
5.9,0,6.09,10662,10132,9940,10064,10581,10431,10201,-6,-351,18
6.48,0,6.05,10662,10133,9939,10065,10581,10431,10201,-6,-352,19
6.82,0,6.05,10662,10132,9938,10064,10581,10431,10199,-5,-352,20
7.56,0,6.09,10662,10131,9938,10064,10580,10430,10198,-5,-352,21
8.14,0,6.1,10661,10131,9938,10064,10581,10431,10196,-2,-352,22
8.88,0,6.14,10661,10132,9937,10063,10580,10430,10195,-3,-353,23
8.85,0,6.14,10661,10131,9936,10063,10580,10430,10193,-1,-353,24
9.38,0,6.15,10661,10132,9936,10063,10580,10430,10193,0,-353,24
9.91,0,6.15,10661,10132,9935,10064,10580,10430,10191,0,-354,25
10.51,0,6.14,10660,10132,9936,10063,10580,10430,10190,1,-354,26
11,0,6.14,10660,10133,9935,10061,10579,10429,10189,3,-355,27
11.35,0,6.1,10661,10132,9934,10062,10579,10429,10188,3,-355,28
11.92,0,6.1,10660,10132,9934,10061,10579,10429,10187,4,-355,29
12.52,0,6.1,10660,10132,9934,10062,10579,10429,10186,6,-355,30
13.11,0,6.05,10660,10132,9933,10060,10579,10428,10185,6,-356,30
14,0,6.1,10661,10132,9933,10061,10578,10428,10184,8,-357,31
13.85,0,6.05,10660,10132,9931,10061,10579,10429,10182,9,-356,33
14.49,0,6.05,10660,10132,9931,10061,10579,10428,10181,10,-357,33
14.88,0,6.05,10660,10132,9931,10062,10579,10428,10181,11,-357,34
15.72,0,6.05,10660,10133,9931,10060,10578,10428,10179,12,-357,34
16.02,0,6.05,10660,10132,9930,10060,10578,10426,10179,13,-357,36
16.51,0,6.05,10660,10133,9930,10060,10577,10427,10178,14,-358,37
16.85,0,6.1,10660,10132,9930,10059,10578,10427,10177,15,-358,37
17.74,0,6.1,10660,10133,9930,10059,10577,10426,10175,16,-358,38
18.16,0,6.05,10660,10132,9928,10060,10578,10427,10176,17,-358,39
18.87,0,6.1,10659,10132,9927,10060,10578,10425,10175,18,-359,40
18.87,0,6.05,10659,10133,9927,10059,10578,10425,10173,20,-359,41
19.51,0,6.1,10659,10133,9929,10059,10577,10426,10172,20,-359,42
19.62,0,6.24,10659,10132,9928,10059,10576,10426,10171,21,-359,42
19.52,0,6.47,10659,10132,9928,10059,10577,10425,10171,22,-359,43
19.42,0,7.08,10659,10131,9927,10058,10576,10426,10170,22,-359,43
18.8,0,6.94,10659,10132,9928,10058,10576,10425,10170,21,-359,44
18.17,0,6.88,10659,10132,9929,10059,10577,10425,10170,20,-359,44
17.32,0,6.92,10658,10131,9926,10058,10576,10426,10170,20,-359,44
17.01,0,6.93,10659,10132,9928,10058,10576,10425,10171,19,-359,43
16.53,0,6.93,10659,10132,9928,10058,10577,10426,10172,18,-359,42
15.96,0,6.98,10659,10131,9929,10059,10576,10426,10172,17,-359,42
15.35,0,6.94,10659,10132,9930,10058,10577,10427,10174,16,-358,41
14.95,0,6.93,10659,10131,9930,10059,10575,10427,10174,15,-358,40
14.51,0,6.94,10660,10130,9930,10060,10577,10427,10174,14,-358,40
13.9,0,6.94,10658,10131,9930,10059,10576,10426,10175,13,-358,39
13.29,0,6.98,10660,10132,9930,10060,10577,10427,10175,12,-358,39
12.93,0,6.98,10659,10131,9931,10060,10577,10427,10176,11,-358,37
12.5,0,6.94,10659,10131,9932,10060,10577,10428,10178,10,-357,37
12.2,0,6.98,10659,10131,9930,10060,10576,10428,10178,10,-357,36
11.42,0,6.98,10660,10132,9931,10060,10577,10428,10179,9,-357,35
11.01,0,6.93,10659,10131,9932,10061,10577,10428,10180,8,-357,34
10.77,0,6.98,10660,10131,9931,10060,10578,10429,10181,7,-356,33
10.16,0,6.98,10660,10131,9931,10060,10578,10429,10182,6,-356,33
9.41,0,6.98,10660,10131,9933,10061,10578,10429,10183,5,-356,32
8.97,0,6.98,10660,10130,9933,10061,10578,10429,10184,4,-356,31
8.07,0,6.93,10660,10131,9933,10061,10579,10429,10186,3,-355,30
8.16,0,6.98,10661,10131,9935,10063,10579,10430,10186,2,-355,29
7.67,0,6.98,10660,10131,9936,10062,10579,10430,10188,0,-354,28
7.3,0,6.98,10661,10131,9935,10063,10578,10430,10188,-1,-354,27
6.61,0,7.03,10660,10131,9936,10062,10579,10429,10189,-2,-354,26
5.97,0,6.98,10661,10130,9937,10063,10579,10430,10191,-3,-354,26
5.28,0,6.93,10662,10130,9936,10063,10579,10431,10193,-4,-353,25
4.85,0,6.93,10661,10131,9937,10064,10579,10431,10194,-5,-352,24
4.07,0,6.94,10661,10131,9939,10063,10580,10431,10196,-6,-352,23
4.22,0,6.94,10662,10130,9940,10065,10580,10430,10197,-8,-352,22
3.79,0,6.98,10662,10130,9938,10065,10580,10431,10198,-8,-352,21
3.22,0,6.98,10661,10131,9940,10064,10580,10432,10199,-9,-352,21
2.38,0,6.98,10661,10130,9940,10065,10580,10432,10200,-10,-351,20
1.97,0,6.94,10662,10130,9938,10065,10580,10432,10203,-11,-350,18
1.68,0,6.98,10663,10130,9940,10066,10581,10433,10204,-13,-350,17
1.25,0,6.98,10661,10130,9940,10065,10581,10432,10206,-14,-350,17
0.46,0,7.37,10662,10130,9942,10066,10581,10433,10207,-14,-349,16
0.1,0,7.86,10663,10130,9943,10066,10581,10433,10208,-16,-349,15
0.29,0,7.88,10662,10130,9943,10065,10580,10433,10208,-17,-348,15
0.34,0,7.91,10663,10130,9942,10066,10581,10433,10208,-18,-348,15
0.39,0,7.91,10663,10130,9943,10065,10581,10433,10209,-19,-348,15
0.58,0,7.96,10663,10130,9943,10066,10580,10433,10209,-19,-348,15
1.85,0,7.97,10663,10129,9942,10066,10580,10433,10208,-20,-348,15
3.06,0,7.96,10662,10130,9942,10065,10581,10433,10206,-19,-348,16
3.89,0,8.01,10663,10129,9942,10065,10580,10433,10203,-18,-349,17
3.82,0,8.06,10662,10130,9941,10065,10580,10433,10201,-16,-350,18
4.45,0,8.06,10662,10130,9941,10064,10580,10432,10200,-16,-350,19
4.85,0,8.06,10662,10130,9940,10064,10580,10432,10199,-15,-350,20
5.69,0,8.06,10662,10130,9941,10063,10580,10432,10197,-14,-351,21
6.14,0,8.06,10662,10130,9940,10064,10580,10431,10197,-13,-351,22
6.44,0,8.06,10662,10131,9940,10064,10579,10431,10195,-12,-351,22
6.81,0,8.11,10662,10130,9939,10064,10580,10430,10194,-11,-352,23
7.56,0,8.06,10662,10130,9939,10063,10579,10431,10193,-11,-352,24
8.14,0,8.11,10661,10130,9938,10063,10579,10430,10191,-10,-352,25
8.88,0,8.11,10661,10130,9938,10063,10579,10430,10189,-9,-353,26
8.93,0,8.06,10662,10130,9937,10062,10578,10431,10190,-7,-353,27
9.33,0,8.06,10661,10130,9936,10062,10578,10430,10188,-7,-353,28
9.96,0,8.06,10661,10130,9937,10062,10578,10431,10186,-6,-354,28
10.6,0,8.07,10661,10130,9936,10061,10578,10430,10185,-5,-354,29
10.96,0,8.07,10661,10130,9935,10062,10577,10430,10184,-4,-354,30
11.34,0,8.02,10661,10130,9936,10061,10578,10429,10183,-3,-355,31
11.93,0,8.06,10660,10130,9933,10062,10578,10429,10182,-2,-355,32
12.66,0,8.06,10661,10130,9935,10061,10578,10429,10182,-1,-355,33
13.15,0,8.11,10660,10130,9933,10060,10577,10429,10180,0,-356,34
13.96,0,8.11,10660,10130,9931,10060,10577,10428,10179,2,-356,35
13.85,0,8.1,10660,10130,9934,10060,10576,10428,10178,3,-356,36
14.45,0,8.11,10660,10131,9931,10060,10577,10428,10177,4,-356,36
14.87,0,8.11,10660,10130,9931,10061,10577,10427,10177,4,-357,37
15.68,0,8.06,10660,10130,9932,10059,10576,10427,10176,5,-357,38
16.07,0,8.06,10660,10130,9933,10059,10577,10427,10175,7,-357,39
16.46,0,8.01,10660,10131,9930,10059,10576,10427,10174,8,-358,40
17.02,0,8.06,10659,10130,9931,10059,10576,10427,10173,9,-358,41
17.69,0,8.06,10659,10130,9930,10059,10577,10427,10172,10,-358,41
18.08,0,8.02,10659,10130,9929,10058,10576,10426,10171,11,-359,42
18.43,0,8.1,10659,10130,9929,10058,10575,10427,10170,12,-358,43
18.9,0,8.11,10660,10130,9929,10058,10576,10426,10170,13,-359,44
19.66,0,8.11,10659,10131,9928,10058,10576,10426,10168,14,-359,45
19.97,0,8.21,10660,10130,9930,10057,10575,10426,10168,15,-360,45
19.71,0,8.68,10659,10131,9928,10057,10575,10426,10167,16,-360,47
18.91,0,8.9,10659,10130,9929,10057,10575,10425,10167,16,-360,47
18.35,0,8.89,10659,10130,9928,10056,10575,10426,10167,15,-359,47
17.99,0,8.9,10658,10130,9928,10057,10575,10425,10167,14,-359,47
17.56,0,8.95,10659,10130,9930,10058,10575,10425,10167,13,-359,47
16.9,0,8.95,10659,10131,9929,10057,10575,10426,10168,13,-359,46
16.28,0,8.95,10659,10130,9929,10058,10575,10427,10167,12,-359,46
16.07,0,8.95,10659,10131,9930,10058,10575,10426,10169,11,-359,45
15.5,0,8.95,10660,10129,9930,10058,10575,10426,10169,10,-359,44
14.97,0,8.95,10659,10130,9931,10058,10575,10426,10170,9,-358,43
14.21,0,8.95,10660,10130,9931,10059,10576,10428,10170,8,-358,43
13.96,0,8.99,10659,10130,9932,10059,10575,10427,10169,7,-358,42
13.52,0,8.95,10659,10129,9931,10058,10576,10428,10172,6,-358,41
13.1,0,8.99,10660,10129,9930,10059,10575,10428,10172,5,-357,41
12.35,0,8.95,10659,10130,9933,10059,10576,10429,10174,5,-357,40
11.87,0,8.95,10660,10130,9933,10060,10576,10428,10175,3,-357,39
11.17,0,9.04,10660,10130,9931,10059,10576,10428,10175,2,-357,38
11.06,0,8.95,10660,10130,9933,10059,10576,10428,10176,1,-356,38
10.73,0,8.99,10659,10130,9934,10060,10576,10429,10176,0,-356,37
10.15,0,8.95,10660,10129,9935,10060,10576,10429,10177,-1,-356,36
9.45,0,8.95,10660,10129,9935,10060,10576,10428,10178,-1,-356,35
8.91,0,8.95,10660,10129,9935,10060,10577,10429,10180,-3,-355,34
8.12,0,8.95,10660,10129,9934,10061,10577,10430,10180,-4,-355,33
8.02,0,8.95,10660,10130,9935,10061,10577,10430,10182,-5,-355,32
7.68,0,8.99,10660,10129,9937,10061,10578,10430,10182,-6,-354,31
7.2,0,8.95,10661,10129,9937,10062,10577,10430,10184,-7,-354,31
6.7,0,8.99,10660,10130,9937,10062,10578,10430,10185,-8,-353,30
6.41,0,9,10662,10129,9937,10062,10577,10431,10185,-9,-353,29
5.28,0,8.95,10661,10129,9937,10062,10578,10431,10187,-9,-353,29
5.12,0,8.95,10661,10129,9939,10062,10578,10432,10189,-11,-353,27
4.77,0,8.99,10661,10129,9939,10062,10579,10431,10190,-12,-352,26
4.2,0,8.95,10662,10129,9938,10063,10579,10431,10191,-13,-352,25
3.5,0,8.95,10662,10129,9938,10063,10579,10432,10192,-14,-352,25
2.97,0,8.9,10662,10130,9940,10064,10579,10432,10194,-15,-351,24
2.08,0,8.95,10662,10129,9941,10063,10579,10433,10195,-16,-351,23
2.11,0,8.95,10663,10129,9941,10066,10579,10434,10197,-18,-350,21
1.68,0,8.99,10662,10128,9940,10065,10580,10433,10198,-19,-350,20
1.24,0,9.04,10663,10128,9940,10064,10579,10433,10197,-19,-349,20
0.46,0,9.52,10662,10129,9943,10065,10580,10434,10201,-21,-349,19
0.15,0,9.68,10663,10128,9940,10065,10580,10434,10202,-22,-348,18
0.29,0,9.94,10663,10128,9944,10065,10580,10434,10202,-23,-348,18
0.29,0,9.93,10663,10128,9943,10065,10579,10434,10203,-25,-348,18
0.34,0,9.93,10662,10128,9943,10065,10579,10433,10203,-25,-348,18
0.54,0,9.98,10663,10126,9944,10066,10579,10434,10203,-26,-348,18
1.84,0,9.94,10662,10128,9943,10066,10579,10434,10202,-26,-347,18
3.06,0,10.03,10663,10128,9942,10064,10579,10433,10200,-25,-348,19
3.9,0,10.03,10663,10128,9942,10064,10579,10433,10197,-24,-348,20
3.73,0,10.03,10663,10128,9942,10064,10578,10433,10195,-22,-349,21
4.46,0,10.03,10662,10128,9942,10064,10577,10433,10195,-22,-349,22
4.8,0,10.03,10663,10128,9942,10065,10578,10433,10194,-21,-350,23
5.69,0,10.03,10662,10128,9941,10063,10578,10432,10192,-21,-350,24
6.03,0,10.07,10662,10128,9940,10063,10578,10432,10191,-19,-351,25
6.39,0,10.08,10662,10129,9940,10063,10578,10431,10189,-18,-351,26
6.86,0,10.08,10662,10129,9940,10063,10577,10431,10189,-17,-351,27
7.47,0,10.08,10662,10128,9939,10063,10578,10432,10187,-17,-351,27
8.06,0,10.08,10662,10129,9939,10063,10578,10432,10186,-16,-352,28
8.35,0,10.08,10662,10127,9939,10061,10577,10432,10185,-15,-352,29
8.92,0,10.08,10662,10129,9938,10062,10577,10431,10185,-14,-353,30
9.53,0,10.08,10661,10128,9938,10061,10577,10431,10183,-13,-353,31
9.98,0,10.13,10661,10129,9937,10060,10576,10430,10181,-12,-353,32
10.36,0,10.12,10661,10128,9938,10060,10576,10430,10182,-11,-354,32
10.9,0,10.12,10661,10130,9937,10060,10576,10430,10180,-10,-354,33
11.64,0,10.08,10661,10129,9936,10061,10576,10430,10179,-9,-354,34
11.99,0,10.03,10661,10129,9935,10061,10577,10430,10178,-8,-355,35
12.92,0,10.03,10661,10129,9934,10061,10576,10429,10177,-7,-355,36
12.92,0,10.03,10660,10129,9936,10059,10576,10429,10176,-6,-355,38
13.51,0,10.07,10660,10129,9934,10060,10575,10430,10175,-5,-356,38
13.84,0,10.07,10660,10129,9934,10059,10575,10429,10175,-3,-356,39
14.6,0,10.03,10660,10129,9933,10059,10575,10429,10173,-3,-356,40
15.13,0,10.08,10660,10129,9933,10059,10575,10429,10172,-2,-356,41
15.39,0,10.03,10660,10129,9933,10058,10575,10428,10172,0,-357,42
15.9,0,10.08,10660,10129,9932,10058,10575,10428,10171,0,-357,42
16.61,0,10.03,10660,10129,9932,10059,10575,10427,10170,1,-357,43
17,0,10.03,10661,10129,9931,10058,10575,10428,10170,2,-358,44
17.49,0,10.08,10660,10128,9932,10058,10575,10427,10168,4,-358,45
17.96,0,10.08,10659,10129,9930,10058,10574,10427,10168,5,-358,46
18.58,0,10.08,10659,10129,9930,10057,10575,10428,10166,5,-358,46
19.34,0,10.08,10660,10129,9929,10058,10575,10426,10166,7,-359,47
19.94,0,10.12,10659,10129,9930,10056,10574,10426,10165,8,-359,48
19.81,0,10.32,10659,10128,9930,10057,10574,10426,10164,9,-359,49
19.66,0,10.91,10659,10128,9929,10056,10574,10426,10164,9,-359,50
19.01,0,10.87,10659,10129,9929,10056,10573,10426,10162,9,-359,50
18.3,0,10.86,10660,10130,9929,10056,10573,10427,10163,9,-359,50
17.86,0,10.91,10659,10129,9930,10057,10574,10426,10164,8,-359,50
17.52,0,10.96,10659,10128,9929,10057,10574,10426,10164,7,-359,50
16.94,0,10.96,10660,10128,9930,10056,10574,10427,10164,6,-359,49
16.28,0,10.96,10659,10128,9930,10057,10574,10427,10165,5,-359,49
16.03,0,10.96,10659,10128,9930,10056,10574,10427,10165,4,-358,48
15.49,0,10.96,10660,10128,9931,10057,10574,10427,10166,3,-358,48
15.02,0,10.96,10660,10128,9930,10057,10574,10427,10166,3,-358,47
14.27,0,10.96,10659,10128,9932,10058,10574,10427,10167,2,-358,46
14.02,0,10.91,10660,10128,9932,10057,10574,10427,10167,1,-358,46
13.43,0,10.91,10660,10128,9933,10058,10574,10428,10169,0,-357,45
13.05,0,10.92,10660,10127,9932,10058,10574,10428,10170,-1,-357,44
12.35,0,10.92,10660,10128,9932,10059,10574,10428,10169,-2,-357,43
11.87,0,10.96,10660,10128,9934,10059,10575,10428,10170,-3,-357,43
11.07,0,10.92,10660,10128,9935,10059,10575,10429,10172,-4,-357,41
11.06,0,10.96,10660,10127,9935,10058,10575,10429,10172,-5,-356,41
10.77,0,10.92,10660,10128,9935,10059,10574,10429,10172,-6,-356,40
10.16,0,10.96,10660,10128,9935,10059,10575,10429,10173,-7,-355,39
9.46,0,10.96,10660,10128,9936,10059,10575,10430,10174,-8,-355,39
9,0,10.96,10660,10127,9936,10060,10575,10430,10175,-9,-355,38
8.67,0,10.96,10661,10128,9936,10059,10575,10430,10176,-10,-355,37
8.22,0,10.91,10661,10128,9936,10060,10575,10430,10176,-11,-354,36
7.43,0,10.96,10661,10128,9937,10061,10576,10431,10177,-12,-354,35
7.09,0,10.96,10661,10127,9937,10061,10575,10431,10178,-13,-354,34
6.74,0,10.96,10661,10128,9937,10060,10575,10430,10181,-14,-353,33
6,0,10.92,10661,10127,9937,10062,10576,10431,10181,-15,-353,33
5.66,0,10.92,10661,10127,9939,10061,10576,10432,10182,-16,-353,31
5.38,0,10.91,10662,10127,9939,10062,10577,10432,10184,-17,-352,31
4.53,0,10.96,10662,10127,9938,10062,10577,10432,10185,-18,-352,30
3.99,0,10.92,10662,10128,9940,10063,10577,10433,10187,-19,-351,29
3.74,0,10.91,10662,10127,9940,10062,10577,10433,10187,-21,-351,28
3.31,0,10.96,10663,10127,9941,10063,10577,10432,10189,-22,-351,27
2.43,0,10.91,10662,10127,9941,10063,10578,10433,10190,-22,-350,26
1.98,0,10.91,10664,10128,9942,10063,10578,10434,10192,-24,-350,25
1.1,0,10.96,10663,10127,9942,10063,10578,10434,10193,-25,-349,24
1.09,0,10.96,10663,10127,9943,10065,10578,10434,10195,-26,-349,23
0.69,0,11.49,10663,10127,9944,10063,10578,10435,10196,-27,-348,22
0.44,0,11.89,10663,10127,9944,10064,10578,10434,10196,-28,-348,22
0.54,0,11.99,10663,10126,9944,10065,10579,10435,10196,-30,-347,22
0.54,0,11.95,10663,10127,9943,10064,10578,10435,10195,-31,-347,21
0.59,0,11.95,10663,10126,9945,10064,10578,10435,10196,-31,-347,22
0.73,0,11.94,10663,10127,9943,10065,10578,10435,10196,-32,-347,21
1.83,0,11.95,10663,10127,9946,10064,10578,10435,10196,-32,-347,21
3.07,0,12.04,10663,10126,9944,10064,10578,10434,10195,-31,-347,22
3.99,0,12.04,10663,10125,9943,10063,10577,10434,10191,-30,-348,23
3.74,0,12.09,10663,10127,9943,10062,10577,10433,10190,-29,-349,25
4.36,0,12.09,10663,10127,9941,10063,10577,10431,10190,-28,-349,26
4.84,0,12.09,10663,10127,9942,10062,10577,10433,10189,-27,-349,26
5.59,0,12.14,10663,10127,9942,10062,10577,10433,10187,-26,-349,27
5.99,0,12.05,10662,10127,9941,10062,10577,10432,10186,-24,-350,28
6.39,0,12.04,10662,10127,9941,10062,10576,10432,10185,-23,-350,29
6.86,0,12.09,10662,10126,9941,10061,10576,10432,10184,-23,-351,30
7.56,0,12.09,10663,10127,9942,10062,10576,10431,10183,-22,-351,31
8.01,0,12.09,10662,10127,9940,10061,10575,10431,10182,-21,-351,32
8.35,0,12.09,10662,10126,9940,10061,10575,10432,10180,-21,-352,33
8.93,0,12.05,10662,10126,9937,10061,10575,10431,10180,-20,-352,33
9.62,0,12.14,10662,10127,9939,10060,10576,10432,10179,-19,-352,34
10.02,0,12.1,10662,10127,9937,10060,10576,10430,10177,-19,-353,35
10.41,0,12.09,10662,10127,9938,10060,10575,10431,10176,-17,-353,36
10.8,0,12.09,10661,10127,9939,10059,10575,10430,10175,-16,-354,37
11.64,0,12.05,10662,10128,9937,10059,10575,10430,10175,-15,-354,38
12.07,0,12.09,10661,10127,9937,10060,10575,10430,10173,-14,-354,39
12.87,0,12.09,10661,10127,9936,10059,10575,10430,10173,-13,-355,40
12.91,0,12.09,10661,10126,9936,10060,10575,10430,10171,-12,-355,41
13.42,0,12.05,10661,10126,9934,10059,10575,10428,10170,-11,-355,42
13.93,0,12.04,10661,10127,9935,10059,10574,10428,10169,-10,-355,42
14.6,0,12.09,10660,10127,9934,10058,10574,10430,10169,-9,-356,43
15.31,0,12.09,10659,10128,9934,10058,10574,10429,10169,-8,-356,44
16.05,0,12.05,10660,10127,9932,10059,10574,10428,10167,-7,-357,45
15.78,0,12.09,10660,10127,9934,10058,10574,10428,10166,-6,-357,46
16.37,0,12.09,10660,10127,9932,10058,10573,10428,10166,-5,-357,46
17.08,0,12.1,10660,10127,9931,10057,10574,10428,10165,-4,-357,47
17.59,0,12.09,10660,10127,9931,10057,10573,10428,10165,-3,-358,48
17.99,0,12.09,10660,10127,9931,10056,10573,10427,10164,-2,-358,49
18.38,0,12.09,10660,10127,9931,10057,10573,10428,10163,-1,-358,50
19.04,0,12.09,10659,10127,9931,10057,10573,10427,10162,0,-358,50
19.56,0,12.14,10659,10127,9932,10057,10573,10426,10162,1,-359,51
19.87,0,12.53,10659,10126,9930,10058,10573,10427,10160,2,-359,52
19.63,0,12.98,10658,10127,9931,10056,10572,10426,10159,3,-359,53
19.11,0,12.88,10659,10126,9930,10056,10572,10426,10159,2,-359,54
18.3,0,12.88,10659,10126,9930,10056,10572,10426,10160,2,-359,54
18.05,0,12.93,10659,10127,9930,10056,10572,10427,10159,1,-359,53
17.46,0,12.97,10659,10127,9930,10056,10572,10427,10160,0,-359,53
17.03,0,12.98,10660,10126,9931,10056,10572,10427,10160,0,-358,53
16.24,0,12.93,10660,10127,9929,10057,10572,10428,10161,-1,-358,52
15.88,0,12.93,10659,10126,9932,10057,10573,10428,10160,-2,-358,51
15.49,0,12.89,10660,10127,9932,10056,10572,10427,10162,-3,-358,50
15.16,0,12.93,10659,10126,9931,10056,10572,10428,10161,-4,-358,50
14.27,0,12.93,10659,10125,9932,10057,10572,10427,10163,-5,-358,49
14.01,0,12.97,10660,10126,9932,10057,10572,10427,10163,-6,-357,48
13.48,0,12.93,10660,10126,9933,10057,10574,10428,10164,-7,-357,48
13.04,0,12.93,10660,10125,9934,10057,10573,10428,10165,-8,-357,47
12.45,0,12.97,10660,10126,9933,10058,10573,10428,10166,-8,-357,46
11.86,0,12.97,10660,10126,9933,10058,10574,10429,10165,-9,-356,46
11.03,0,12.98,10660,10127,9934,10059,10574,10429,10166,-11,-356,45
11.21,0,12.93,10660,10125,9935,10059,10573,10430,10168,-12,-355,44
10.67,0,12.97,10661,10126,9935,10058,10574,10429,10169,-13,-355,43
10.29,0,12.97,10660,10127,9935,10060,10574,10430,10169,-14,-355,43
9.5,0,12.97,10661,10126,9937,10059,10575,10430,10170,-14,-355,42
8.96,0,12.93,10661,10125,9935,10060,10574,10431,10171,-15,-354,41
8.67,0,12.93,10661,10126,9937,10061,10574,10430,10171,-17,-354,40
8.18,0,12.93,10661,10126,9936,10060,10575,10430,10173,-17,-354,39
7.48,0,12.93,10660,10126,9937,10059,10575,10431,10173,-18,-353,38
7.14,0,12.93,10661,10126,9937,10060,10575,10430,10175,-20,-353,38
6.73,0,12.98,10662,10126,9939,10060,10575,10431,10175,-21,-353,36
5.78,0,12.93,10662,10126,9940,10060,10575,10432,10177,-22,-352,36
5.01,0,12.93,10661,10125,9940,10061,10575,10432,10179,-23,-352,35
5.17,0,12.97,10662,10126,9940,10062,10576,10432,10180,-25,-351,33
4.77,0,12.97,10662,10126,9940,10062,10576,10433,10180,-25,-351,33
4.2,0,12.93,10662,10125,9940,10061,10576,10433,10181,-26,-351,32
3.45,0,12.93,10662,10126,9942,10061,10576,10433,10183,-27,-350,31
2.92,0,12.93,10662,10126,9941,10062,10575,10433,10184,-28,-350,30
2.09,0,12.93,10662,10126,9942,10062,10577,10433,10185,-30,-349,29
2.11,0,12.97,10663,10125,9941,10063,10577,10434,10187,-30,-349,28
1.63,0,12.98,10663,10125,9943,10063,10577,10435,10189,-32,-348,27
1.24,0,13.02,10663,10126,9945,10064,10576,10435,10189,-33,-348,26
0.5,0,13.57,10663,10125,9945,10063,10576,10435,10189,-33,-348,26
0.1,0,13.85,10663,10125,9945,10064,10577,10435,10192,-35,-347,25
0.25,0,13.92,10663,10126,9946,10063,10578,10435,10191,-36,-346,25
0.34,0,13.87,10663,10125,9945,10063,10577,10435,10191,-37,-346,25
0.34,0,13.96,10663,10124,9946,10064,10576,10435,10192,-38,-346,24
0.54,0,13.96,10663,10125,9945,10064,10577,10435,10190,-38,-346,25
1.83,0,13.92,10664,10125,9946,10063,10577,10435,10191,-38,-346,25
3.02,0,13.96,10663,10124,9945,10064,10577,10434,10189,-37,-346,25
3.94,0,14.01,10663,10125,9945,10062,10576,10434,10187,-36,-347,27
3.82,0,13.97,10663,10125,9944,10062,10576,10434,10186,-35,-348,28
4.37,0,14.01,10663,10125,9943,10062,10576,10434,10185,-34,-348,29
4.98,0,14.01,10663,10125,9944,10062,10576,10433,10185,-34,-348,30
5.64,0,14.01,10663,10125,9943,10062,10576,10433,10183,-33,-349,31
6.05,0,14.06,10663,10125,9942,10062,10576,10434,10182,-32,-349,32
6.33,0,14.06,10662,10125,9943,10061,10575,10432,10181,-31,-349,32
6.91,0,14.06,10662,10125,9941,10060,10576,10433,10180,-30,-350,33
7.6,0,14.06,10663,10126,9942,10061,10575,10431,10179,-30,-350,34
7.96,0,14.06,10662,10125,9941,10061,10575,10432,10177,-29,-351,35
8.4,0,14.06,10662,10126,9940,10060,10575,10432,10176,-27,-351,36
8.83,0,14.06,10662,10125,9940,10059,10574,10432,10176,-27,-352,37
9.62,0,14.06,10662,10125,9940,10060,10575,10432,10175,-26,-351,37
10.11,0,14.06,10662,10125,9939,10060,10575,10431,10173,-25,-352,38
10.95,0,14.06,10662,10124,9938,10060,10574,10431,10171,-24,-353,39
10.91,0,14.11,10662,10126,9939,10059,10574,10431,10172,-22,-353,40
11.5,0,14.02,10661,10125,9938,10059,10574,10430,10170,-22,-353,41
11.78,0,14.06,10661,10126,9938,10060,10574,10430,10170,-21,-353,42
12.58,0,14.06,10661,10126,9935,10059,10574,10430,10169,-20,-354,43
13.07,0,14.06,10661,10125,9936,10059,10574,10430,10166,-19,-354,43
13.42,0,14.01,10661,10125,9935,10058,10574,10430,10166,-17,-354,45
13.89,0,14.06,10661,10127,9936,10057,10574,10429,10167,-16,-355,45
14.59,0,14.06,10661,10125,9935,10058,10574,10430,10165,-16,-355,46
15.09,0,14.06,10661,10125,9934,10058,10573,10429,10164,-15,-355,47
15.33,0,14.06,10660,10125,9935,10058,10574,10429,10164,-13,-356,48
16.04,0,14.06,10660,10125,9934,10058,10573,10429,10163,-13,-356,49
16.65,0,14.01,10660,10125,9932,10057,10572,10429,10162,-11,-356,49
16.96,0,14.02,10660,10126,9932,10057,10572,10429,10160,-10,-357,50
17.39,0,14.01,10660,10125,9932,10057,10572,10429,10161,-9,-357,51
18.06,0,14.06,10659,10125,9932,10057,10572,10428,10160,-8,-357,52
18.66,0,13.99,10660,10125,9932,10056,10572,10427,10160,-7,-358,53
19.06,0,13.36,10660,10126,9931,10055,10571,10427,10158,-6,-358,54
20,0,14.39,10660,10125,9931,10055,10571,10427,10156,-5,-358,55
19.67,0,14.98,10660,10125,9930,10055,10570,10427,10155,-4,-359,56
19.57,0,14.8,10659,10126,9930,10055,10571,10426,10155,-5,-358,57
19.24,0,14.89,10659,10125,9931,10055,10571,10425,10155,-5,-359,58
18.26,0,14.9,10658,10124,9931,10055,10570,10427,10154,-6,-359,58
18.05,0,14.9,10660,10125,9931,10055,10571,10427,10155,-6,-358,58
17.52,0,14.89,10659,10125,9931,10055,10570,10426,10155,-7,-358,57
16.99,0,14.95,10659,10124,9931,10055,10570,10427,10155,-8,-358,57
16.42,0,14.95,10660,10124,9932,10056,10571,10427,10156,-9,-358,56
16.07,0,14.95,10660,10124,9933,10055,10571,10427,10155,-10,-358,56
15.54,0,14.99,10659,10124,9932,10055,10571,10428,10155,-11,-358,56
14.97,0,14.95,10659,10125,9931,10055,10571,10428,10157,-11,-357,55
14.17,0,14.95,10660,10124,9933,10055,10571,10428,10158,-12,-357,54
14.06,0,14.99,10660,10125,9935,10055,10571,10428,10159,-13,-357,53
13.58,0,14.95,10660,10123,9934,10056,10571,10428,10158,-14,-356,53
13.01,0,14.95,10660,10125,9935,10057,10571,10428,10159,-15,-356,52
12.35,0,14.9,10660,10125,9935,10056,10571,10429,10160,-16,-356,51
11.77,0,14.95,10661,10123,9934,10057,10572,10430,10160,-17,-355,51
11.07,0,14.95,10660,10124,9935,10057,10572,10429,10161,-18,-355,50
11.11,0,14.99,10661,10124,9935,10058,10572,10429,10162,-20,-355,48
10.62,0,14.95,10660,10123,9936,10057,10573,10429,10163,-21,-354,48
10.19,0,14.95,10660,10125,9935,10058,10571,10431,10163,-21,-354,48
9.46,0,14.95,10660,10124,9936,10058,10572,10430,10164,-22,-354,46
8.78,0,14.95,10661,10123,9937,10058,10572,10430,10164,-23,-354,46
8.08,0,14.95,10661,10124,9937,10057,10573,10430,10165,-25,-353,45
8.11,0,14.9,10661,10124,9938,10059,10573,10432,10166,-26,-353,44
7.72,0,14.95,10661,10124,9939,10059,10573,10431,10168,-27,-353,43
7.23,0,14.99,10661,10124,9939,10060,10574,10431,10168,-28,-352,42
6.51,0,14.95,10661,10124,9939,10059,10573,10431,10169,-29,-352,42
6.29,0,14.95,10661,10125,9940,10059,10574,10431,10171,-30,-351,40
5.24,0,14.95,10662,10124,9941,10060,10574,10433,10172,-31,-351,40
5.06,0,14.99,10662,10125,9941,10061,10574,10433,10173,-32,-351,39
4.63,0,14.99,10663,10124,9940,10060,10575,10433,10174,-33,-350,38
4.25,0,14.95,10662,10124,9941,10061,10575,10433,10174,-34,-350,37
3.45,0,14.99,10662,10123,9942,10060,10575,10434,10176,-35,-349,37
2.88,0,14.99,10663,10124,9943,10061,10575,10434,10176,-36,-349,35
2.22,0,14.95,10664,10124,9943,10061,10575,10435,10178,-37,-348,34
2.06,0,14.99,10662,10124,9942,10061,10575,10434,10179,-38,-348,33
1.63,0,14.99,10663,10123,9945,10063,10576,10435,10181,-39,-347,32
1.08,0,15.38,10663,10124,9945,10062,10575,10435,10182,-40,-347,32
0.47,0,15.64,10663,10124,9944,10062,10575,10436,10183,-41,-346,31
0.2,0,15.89,10663,10123,9945,10062,10576,10435,10184,-42,-346,30
0.34,0,15.74,10663,10123,9946,10062,10576,10435,10185,-44,-345,29
0.39,0,15.92,10664,10123,9948,10063,10576,10436,10185,-45,-345,29
0.45,0,16.02,10664,10123,9947,10062,10576,10436,10184,-45,-345,29
0.54,0,15.89,10663,10124,9945,10062,10575,10436,10185,-45,-345,29
1.83,0,15.98,10664,10123,9947,10062,10576,10436,10185,-45,-345,29
2.9,0,15.98,10663,10124,9945,10062,10575,10435,10183,-45,-345,30
3.94,0,16.02,10663,10124,9945,10062,10575,10436,10181,-43,-346,31
3.87,0,15.94,10664,10124,9944,10061,10575,10434,10180,-42,-347,33
4.36,0,16.08,10664,10124,9945,10061,10575,10435,10179,-41,-347,33
5.13,0,16.02,10662,10123,9942,10062,10575,10435,10178,-41,-347,34
5.69,0,15.94,10663,10123,9943,10061,10575,10434,10177,-40,-348,34
6.05,0,16.17,10663,10123,9944,10061,10574,10434,10175,-39,-348,36
6.48,0,15.92,10663,10124,9943,10060,10574,10433,10175,-38,-349,37
6.82,0,15.94,10663,10125,9944,10060,10574,10434,10174,-37,-349,37
7.66,0,16.08,10663,10124,9942,10061,10574,10433,10173,-36,-349,38
8.15,0,16.07,10663,10124,9942,10059,10574,10433,10172,-35,-349,39
8.79,0,16.08,10663,10124,9941,10060,10574,10432,10171,-35,-350,40
8.91,0,16.07,10663,10124,9940,10060,10574,10431,10169,-33,-351,40
9.43,0,16.12,10662,10124,9940,10059,10573,10432,10169,-32,-351,42
9.81,0,16.12,10662,10124,9940,10059,10574,10431,10168,-31,-351,42
10.46,0,15.72,10662,10123,9940,10059,10573,10431,10166,-31,-351,43
11.11,0,15.78,10662,10124,9939,10059,10573,10432,10166,-30,-352,44
11.31,0,15.82,10661,10124,9938,10058,10573,10431,10165,-28,-353,46
11.87,0,15.97,10661,10124,9939,10058,10573,10431,10164,-28,-353,46
12.66,0,15.98,10661,10123,9937,10059,10572,10430,10163,-27,-353,47
12.93,0,15.98,10661,10124,9936,10058,10572,10431,10162,-26,-354,48
13.41,0,15.98,10661,10123,9936,10057,10572,10430,10161,-25,-354,49
13.94,0,15.98,10662,10124,9936,10057,10572,10430,10161,-24,-354,50
14.78,0,15.98,10661,10123,9935,10057,10571,10429,10161,-23,-355,50
14.95,0,15.98,10660,10124,9934,10057,10571,10430,10159,-21,-355,52
15.52,0,16.03,10661,10123,9936,10056,10571,10430,10159,-21,-355,53
15.95,0,16.03,10661,10124,9935,10056,10571,10429,10157,-20,-355,53
16.75,0,16.03,10661,10124,9934,10057,10571,10429,10157,-19,-356,54
17.22,0,16.03,10660,10123,9934,10056,10570,10428,10156,-17,-356,55
17.94,0,16.08,10660,10124,9932,10056,10571,10429,10155,-17,-357,56
17.85,0,16.07,10660,10124,9933,10055,10571,10428,10155,-15,-357,57
18.57,0,16.08,10660,10123,9932,10054,10570,10428,10152,-14,-357,58
18.91,0,16.07,10660,10124,9932,10056,10570,10427,10152,-13,-357,58
19.75,0,16.66,10660,10123,9931,10055,10569,10428,10152,-13,-358,59
19.96,0,16.91,10660,10123,9933,10055,10569,10427,10151,-12,-358,60
19.72,0,16.91,10660,10123,9931,10056,10569,10427,10150,-12,-358,61
19.04,0,16.91,10660,10124,9931,10055,10569,10427,10149,-12,-358,62
18.16,0,16.91,10659,10124,9931,10055,10568,10427,10148,-12,-358,61
17.89,0,16.91,10659,10123,9933,10055,10568,10427,10148,-13,-358,61
17.42,0,16.96,10660,10123,9932,10054,10568,10429,10148,-14,-358,61
17.07,0,16.91,10660,10124,9932,10054,10569,10428,10148,-14,-357,60
16.29,0,16.91,10659,10123,9933,10055,10569,10427,10148,-15,-357,60
15.98,0,16.96,10660,10123,9932,10055,10569,10428,10149,-16,-357,59
15.5,0,16.92,10660,10123,9932,10056,10569,10428,10150,-17,-357,58
14.97,0,16.96,10660,10123,9934,10055,10568,10428,10150,-18,-357,58
14.22,0,16.96,10660,10122,9933,10056,10569,10429,10150,-18,-356,57
14.02,0,16.91,10660,10123,9935,10055,10570,10428,10151,-20,-356,56
13.57,0,16.91,10660,10122,9934,10056,10570,10429,10151,-21,-356,56
13.05,0,16.92,10660,10123,9933,10055,10570,10429,10152,-21,-355,55
12.4,0,16.91,10660,10123,9934,10055,10570,10429,10153,-22,-355,54
11.95,0,16.96,10661,10122,9936,10057,10571,10430,10154,-24,-355,54
11.56,0,16.96,10661,10122,9936,10057,10571,10430,10155,-24,-354,53
11.09,0,16.96,10661,10123,9935,10057,10571,10430,10155,-26,-354,52
10.34,0,16.96,10661,10123,9937,10057,10571,10430,10155,-26,-354,52
9.99,0,16.92,10661,10123,9937,10057,10571,10431,10156,-28,-353,50
9.3,0,16.96,10661,10123,9937,10058,10570,10431,10157,-28,-354,50
9.04,0,16.91,10662,10123,9938,10058,10571,10431,10158,-30,-353,49
8.57,0,16.96,10662,10123,9938,10058,10572,10431,10159,-30,-353,48
8.09,0,16.96,10661,10123,9939,10057,10571,10432,10160,-32,-352,47
7.39,0,16.96,10662,10122,9938,10059,10572,10431,10161,-32,-352,47
7.04,0,16.96,10661,10121,9940,10059,10572,10432,10162,-34,-351,46
6.7,0,16.91,10661,10123,9939,10059,10572,10432,10163,-35,-351,45
5.63,0,16.92,10662,10122,9941,10058,10573,10433,10163,-36,-350,44
5.01,0,16.96,10663,10123,9941,10060,10573,10433,10165,-37,-350,42
5.16,0,16.97,10663,10124,9941,10060,10573,10434,10167,-39,-349,41
4.73,0,16.91,10663,10123,9942,10060,10573,10434,10168,-39,-349,41
4.19,0,16.96,10663,10122,9943,10060,10573,10434,10169,-40,-349,40
3.41,0,16.92,10663,10122,9941,10060,10574,10435,10169,-41,-348,39
2.95,0,16.92,10664,10123,9944,10060,10574,10436,10171,-42,-348,38
2.66,0,16.96,10663,10122,9942,10061,10574,10435,10171,-43,-347,37
2.19,0,16.91,10663,10122,9944,10060,10574,10434,10174,-44,-347,37
1.53,0,16.96,10663,10122,9945,10061,10574,10435,10173,-45,-346,36
0.9,0,17.05,10664,10122,9947,10062,10575,10436,10175,-46,-346,35
0.2,0,17.55,10664,10122,9946,10061,10574,10435,10177,-47,-345,34
0.14,0,17.93,10664,10122,9947,10061,10575,10436,10177,-49,-345,33
0.25,0,17.9,10664,10122,9946,10062,10575,10437,10177,-50,-344,33
0.29,0,17.9,10664,10123,9947,10062,10575,10436,10178,-51,-344,33
0.58,0,17.9,10664,10122,9946,10061,10575,10436,10178,-50,-344,32
1.69,0,17.95,10663,10121,9946,10062,10575,10436,10178,-52,-343,33
3.02,0,17.99,10664,10122,9946,10062,10574,10436,10175,-51,-344,33
2.8,0,17.99,10664,10122,9946,10061,10574,10435,10175,-50,-344,35
3.24,0,18.04,10664,10122,9946,10060,10574,10436,10174,-49,-345,36
3.87,0,17.99,10664,10122,9943,10061,10573,10435,10172,-49,-345,36
4.71,0,17.99,10663,10122,9945,10060,10573,10435,10171,-48,-346,37
4.96,0,18.04,10664,10123,9945,10061,10574,10434,10170,-47,-346,38
5.5,0,18,10663,10122,9945,10060,10573,10434,10169,-45,-347,39
5.84,0,18.04,10663,10122,9945,10060,10574,10434,10168,-45,-347,40
6.68,0,18.04,10663,10121,9943,10060,10573,10434,10167,-45,-347,41
7.07,0,18.04,10662,10122,9944,10059,10573,10433,10165,-44,-348,41
7.38,0,18.04,10663,10121,9943,10060,10573,10434,10165,-42,-348,42
8.03,0,18.04,10663,10122,9942,10059,10573,10433,10164,-42,-348,43
8.64,0,18.04,10663,10122,9943,10059,10573,10432,10163,-41,-349,44
8.99,0,18.05,10662,10122,9941,10059,10573,10433,10162,-40,-349,45
9.38,0,18.08,10662,10122,9941,10058,10572,10433,10160,-38,-350,46
10.05,0,18.05,10662,10122,9940,10058,10572,10432,10160,-38,-350,46
10.7,0,18.05,10662,10122,9940,10058,10571,10432,10159,-37,-351,47
10.95,0,18.04,10662,10122,9940,10058,10572,10431,10159,-35,-351,48
11.25,0,18.09,10662,10123,9939,10058,10571,10432,10157,-35,-351,49
11.97,0,18.09,10661,10122,9938,10057,10571,10430,10156,-34,-352,50
12.76,0,18.04,10662,10121,9938,10057,10571,10429,10156,-34,-352,50
12.89,0,18.05,10662,10122,9937,10056,10570,10431,10155,-32,-352,52
13.46,0,18.09,10661,10122,9937,10057,10570,10431,10154,-31,-353,52
13.89,0,17.99,10662,10123,9937,10056,10570,10430,10154,-31,-353,53
14.79,0,18.04,10661,10122,9936,10057,10570,10430,10154,-29,-353,54
15.08,0,18.04,10661,10121,9935,10055,10570,10430,10151,-28,-354,55
15.52,0,18.04,10661,10122,9934,10056,10570,10430,10151,-27,-354,56
15.95,0,18.04,10661,10123,9935,10056,10569,10429,10150,-26,-354,57
16.71,0,18.04,10661,10123,9935,10056,10569,10429,10149,-25,-355,57
17.23,0,18.05,10661,10123,9932,10055,10569,10429,10149,-24,-355,58
17.93,0,17.99,10661,10122,9935,10055,10569,10428,10148,-23,-355,59
17.97,0,18.04,10660,10122,9933,10056,10568,10429,10148,-22,-356,60
18.57,0,18.04,10660,10122,9933,10055,10568,10429,10146,-21,-356,61
18.91,0,18.08,10660,10122,9933,10055,10568,10428,10147,-20,-357,61
19.71,0,18.58,10660,10122,9933,10054,10567,10428,10145,-19,-357,62
19.92,0,18.87,10660,10122,9932,10054,10566,10427,10144,-18,-357,63
19.71,0,18.98,10660,10123,9932,10055,10566,10427,10144,-18,-357,64
19.62,0,18.93,10660,10122,9932,10054,10566,10427,10144,-17,-357,64
19.12,0,18.93,10659,10122,9931,10054,10566,10428,10144,-17,-357,65
18.27,0,19.02,10660,10122,9931,10055,10566,10427,10144,-18,-357,65
17.37,0,18.93,10660,10122,9933,10054,10566,10427,10145,-18,-357,64
17.06,0,18.93,10660,10121,9932,10055,10567,10427,10145,-19,-357,64
16.58,0,18.98,10660,10122,9933,10055,10566,10428,10145,-20,-356,63
16.1,0,18.94,10660,10121,9934,10054,10566,10428,10146,-21,-356,62
15.3,0,18.98,10660,10121,9935,10055,10567,10429,10147,-22,-356,62
14.98,0,18.98,10660,10121,9934,10055,10568,10429,10146,-23,-356,61
14.56,0,18.93,10660,10122,9935,10056,10568,10428,10147,-24,-355,60
13.99,0,18.98,10660,10121,9935,10055,10568,10429,10148,-25,-355,60
13.28,0,18.93,10660,10121,9935,10055,10568,10430,10149,-27,-355,59
13.03,0,18.93,10660,10121,9936,10055,10568,10430,10150,-28,-354,58
12.59,0,18.93,10661,10121,9936,10056,10568,10430,10150,-29,-354,58
12.11,0,18.93,10661,10121,9936,10056,10569,10431,10150,-30,-354,57
11.38,0,18.98,10661,10121,9936,10056,10568,10430,10151,-31,-354,56
10.8,0,18.93,10662,10121,9935,10057,10569,10430,10152,-32,-353,55
10.08,0,18.93,10661,10122,9937,10057,10569,10430,10152,-33,-353,55
10.18,0,18.98,10661,10121,9938,10056,10570,10431,10153,-34,-352,54
9.84,0,18.98,10662,10121,9939,10057,10570,10431,10154,-35,-352,53
9.36,0,18.93,10662,10121,9939,10057,10570,10432,10155,-34,-352,52
8.37,0,18.93,10662,10121,9939,10058,10570,10432,10155,-36,-351,52
7.88,0,18.97,10662,10121,9940,10058,10570,10432,10156,-38,-351,50
7.82,0,18.97,10662,10121,9939,10057,10571,10432,10158,-39,-351,50
7.48,0,18.93,10662,10122,9940,10058,10571,10433,10158,-40,-350,49
6.83,0,18.97,10662,10121,9940,10058,10571,10433,10158,-39,-350,48
6.02,0,18.98,10662,10121,9942,10059,10571,10434,10160,-41,-349,47
4.94,0,18.98,10663,10121,9941,10059,10571,10434,10162,-42,-349,47
5.16,0,18.98,10663,10121,9942,10059,10572,10434,10163,-44,-348,45
4.64,0,18.93,10663,10122,9943,10059,10572,10434,10163,-45,-348,44
4.33,0,18.97,10663,10121,9944,10059,10573,10435,10165,-45,-347,44
3.41,0,18.93,10664,10121,9944,10059,10573,10435,10166,-47,-347,43
2.88,0,18.92,10664,10122,9944,10060,10572,10435,10167,-48,-346,42
2.17,0,18.97,10664,10121,9945,10061,10573,10436,10168,-48,-346,41
2.11,0,18.98,10664,10122,9945,10061,10573,10435,10169,-50,-345,39
1.68,0,18.98,10664,10122,9945,10060,10574,10435,10170,-50,-345,39
