0.27,0,0,0.649999999999636,0.25,1.04999999999927,0.200000000000728,0.200000000000728,-0.100000000000364,0.5,0,-347,0
0,0,0,-0.350000000000364,-0.75,0.0499999999992724,-0.799999999999272,1.20000000000073,0.899999999999636,-0.5,0,-347,0
0,0,-0.05,-0.350000000000364,0.25,0.0499999999992724,-0.799999999999272,0.200000000000728,-0.100000000000364,-0.5,0,-347,0
1.03,0,0.47,-0.350000000000364,-0.75,0.0499999999992724,0.200000000000728,0.200000000000728,-0.100000000000364,0.5,0,-347,0
3.69,0,3.01,0.649999999999636,0.25,-0.950000000000728,-0.799999999999272,-0.799999999999272,-1.10000000000036,-1.5,0,-347,0
6.14,0,2.71,0.649999999999636,-1.75,-1.95000000000073,-1.79999999999927,-1.79999999999927,-1.10000000000036,-5.5,2,-349,3
8.36,0,2.79,-0.350000000000364,-1.75,-1.95000000000073,-3.79999999999927,-2.79999999999927,-2.10000000000036,-8.5,3,-350,7
10.86,0,3.57,-0.350000000000364,-1.75,-5.95000000000073,-4.79999999999927,-2.79999999999927,-2.10000000000036,-12.5,7,-352,11
12.53,0,4.02,-1.35000000000036,-1.75,-6.95000000000073,-5.79999999999927,-2.79999999999927,-3.10000000000036,-16.5,10,-353,15
11.31,0,4.62,-1.35000000000036,-1.75,-6.95000000000073,-6.79999999999927,-4.79999999999927,-4.10000000000036,-21.5,14,-354,19
11.21,0,4.67,-2.35000000000036,-1.75,-7.95000000000073,-7.79999999999927,-4.79999999999927,-4.10000000000036,-30.5,13,-355,21
13.9,0,4.57,-1.35000000000036,-1.75,-7.95000000000073,-7.79999999999927,-4.79999999999927,-3.10000000000036,-36.5,14,-355,22
15.58,0,4.57,-2.35000000000036,-2.75,-9.95000000000073,-8.79999999999927,-5.79999999999927,-5.10000000000036,-41.5,16,-356,24
12.4,0,7.28,-3.35000000000036,-2.75,-9.95000000000073,-9.79999999999927,-5.79999999999927,-5.10000000000036,-45.5,18,-357,27
10.66,0,9.02,-2.35000000000036,-3.75,-9.95000000000073,-9.79999999999927,-6.79999999999927,-4.10000000000036,-46.5,16,-356,28
11.07,0,8.31,-2.35000000000036,-5.75,-7.95000000000073,-10.7999999999993,-8.79999999999927,-4.10000000000036,-47.5,9,-356,28
11.09,0,7.42,-3.35000000000036,-5.75,-8.95000000000073,-10.7999999999993,-8.79999999999927,-5.10000000000036,-47.5,7,-356,28
14.15,0,10.36,-2.35000000000036,-5.75,-8.95000000000073,-11.7999999999993,-9.79999999999927,-5.10000000000036,-51.5,7,-355,29
16.17,0,13.13,-3.35000000000036,-6.75,-10.9500000000007,-11.7999999999993,-11.7999999999993,-6.10000000000036,-57.5,6,-356,32
13.91,0,14.75,-3.35000000000036,-9.75,-9.95000000000073,-13.7999999999993,-12.7999999999993,-6.10000000000036,-62.5,5,-357,38
12.73,0,14.76,-3.35000000000036,-9.75,-8.95000000000073,-14.7999999999993,-13.7999999999993,-7.10000000000036,-64.5,0,-357,41
12.93,0,12.8,-4.35000000000036,-10.75,-8.95000000000073,-14.7999999999993,-13.7999999999993,-7.10000000000036,-66.5,-5,-356,41
12.8,0,10.94,-4.35000000000036,-9.75,-9.95000000000073,-14.7999999999993,-13.7999999999993,-8.10000000000036,-63.5,-6,-356,41
10.03,0,13.05,-3.35000000000036,-10.75,-8.95000000000073,-13.7999999999993,-13.7999999999993,-6.10000000000036,-63.5,-4,-356,40
8.88,0,15.33,-4.35000000000036,-11.75,-7.95000000000073,-12.7999999999993,-14.7999999999993,-6.10000000000036,-62.5,-6,-355,38
11.72,0,13.9,-3.35000000000036,-10.75,-6.95000000000073,-13.7999999999993,-14.7999999999993,-5.10000000000036,-62.5,-12,-354,37
14.36,0,11.93,-4.35000000000036,-11.75,-7.95000000000073,-14.7999999999993,-14.7999999999993,-7.10000000000036,-64.5,-13,-354,39
16.99,0,11.88,-4.35000000000036,-10.75,-9.95000000000073,-14.7999999999993,-13.7999999999993,-7.10000000000036,-67.5,-7,-355,40
17.74,0,10.75,-4.35000000000036,-8.75,-11.9500000000007,-15.7999999999993,-14.7999999999993,-8.10000000000036,-68.5,-3,-357,42
17.17,0,12.7,-6.35000000000036,-9.75,-11.9500000000007,-15.7999999999993,-13.7999999999993,-9.10000000000036,-70.5,2,-358,44
17.15,0,15.46,-5.35000000000036,-10.75,-10.9500000000007,-15.7999999999993,-14.7999999999993,-8.10000000000036,-72.5,3,-358,45
17.77,0,14.75,-5.35000000000036,-10.75,-11.9500000000007,-15.7999999999993,-15.7999999999993,-9.10000000000036,-74.5,0,-358,47
17.95,0,14.41,-4.35000000000036,-10.75,-11.9500000000007,-16.7999999999993,-15.7999999999993,-9.10000000000036,-76.5,-1,-358,49
15.12,0,11.93,-6.35000000000036,-11.75,-11.9500000000007,-17.7999999999993,-16.7999999999993,-9.10000000000036,-75.5,-1,-358,50
12.2,0,10.09,-6.35000000000036,-10.75,-11.9500000000007,-15.7999999999993,-14.7999999999993,-9.10000000000036,-71.5,-1,-358,48
9.93,0,7.37,-6.35000000000036,-9.75,-9.95000000000073,-14.7999999999993,-13.7999999999993,-8.10000000000036,-66.5,-1,-357,43
8.45,0,5.92,-5.35000000000036,-7.75,-9.95000000000073,-13.7999999999993,-12.7999999999993,-8.10000000000036,-60.5,0,-356,38
9.09,0,7.05,-5.35000000000036,-7.75,-7.95000000000073,-12.7999999999993,-11.7999999999993,-6.10000000000036,-56.5,1,-355,33
9.65,0,7.03,-4.35000000000036,-7.75,-7.95000000000073,-11.7999999999993,-11.7999999999993,-6.10000000000036,-55.5,2,-355,30
11.06,0,9.52,-4.35000000000036,-7.75,-7.95000000000073,-12.7999999999993,-10.7999999999993,-7.10000000000036,-55.5,1,-355,30
12.36,0,12.29,-4.35000000000036,-8.75,-9.95000000000073,-12.7999999999993,-11.7999999999993,-7.10000000000036,-60.5,1,-355,32
11.86,0,13.92,-5.35000000000036,-9.75,-7.95000000000073,-13.7999999999993,-13.7999999999993,-8.10000000000036,-64.5,-1,-355,35
11.7,0,13.04,-4.35000000000036,-10.75,-8.95000000000073,-14.7999999999993,-14.7999999999993,-7.10000000000036,-66.5,-5,-356,38
13.03,0,10.92,-4.35000000000036,-10.75,-8.95000000000073,-14.7999999999993,-14.7999999999993,-8.10000000000036,-66.5,-7,-355,39
13.59,0,9.17,-4.35000000000036,-9.75,-9.95000000000073,-14.7999999999993,-13.7999999999993,-8.10000000000036,-66.5,-6,-355,39
10.89,0,11,-4.35000000000036,-9.75,-9.95000000000073,-15.7999999999993,-13.7999999999993,-7.10000000000036,-65.5,-1,-356,39
9.09,0,13.8,-4.35000000000036,-10.75,-7.95000000000073,-12.7999999999993,-13.7999999999993,-7.10000000000036,-63.5,-2,-356,37
10.88,0,15.46,-4.35000000000036,-10.75,-7.95000000000073,-14.7999999999993,-14.7999999999993,-7.10000000000036,-65.5,-7,-354,37
12.75,0,16.02,-4.35000000000036,-11.75,-7.95000000000073,-15.7999999999993,-15.7999999999993,-7.10000000000036,-69.5,-12,-354,38
12.25,0,13.24,-4.35000000000036,-12.75,-7.95000000000073,-14.7999999999993,-16.7999999999993,-6.10000000000036,-71.5,-13,-355,42
12.01,0,10.85,-3.35000000000036,-12.75,-8.95000000000073,-15.7999999999993,-15.7999999999993,-6.10000000000036,-69.5,-12,-355,42
9.55,0,10.06,-4.35000000000036,-10.75,-9.95000000000073,-14.7999999999993,-15.7999999999993,-7.10000000000036,-66.5,-9,-355,40
7.76,0,10.11,-2.35000000000036,-9.75,-7.95000000000073,-13.7999999999993,-13.7999999999993,-7.10000000000036,-62.5,-7,-355,37
9.14,0,7.75,-4.35000000000036,-9.75,-7.95000000000073,-13.7999999999993,-12.7999999999993,-6.10000000000036,-59.5,-9,-354,34
11.28,0,6.38,-4.35000000000036,-9.75,-7.95000000000073,-12.7999999999993,-12.7999999999993,-7.10000000000036,-57.5,-7,-354,32
11.26,0,4.28,-4.35000000000036,-8.75,-8.95000000000073,-11.7999999999993,-10.7999999999993,-7.10000000000036,-57.5,-2,-355,32
11.54,0,3.87,-2.35000000000036,-6.75,-10.9500000000007,-11.7999999999993,-9.79999999999927,-7.10000000000036,-54.5,4,-355,31
11.95,0,2.33,-3.35000000000036,-5.75,-10.9500000000007,-10.7999999999993,-9.79999999999927,-7.10000000000036,-52.5,8,-355,29
12.36,0,1.51,-3.35000000000036,-3.75,-10.9500000000007,-10.7999999999993,-7.79999999999927,-6.10000000000036,-51.5,12,-356,29
10.08,0,2.1,-2.35000000000036,-4.75,-10.9500000000007,-9.79999999999927,-7.79999999999927,-7.10000000000036,-47.5,17,-356,28
7.91,0,3.88,-2.35000000000036,-2.75,-8.95000000000073,-8.79999999999927,-6.79999999999927,-7.10000000000036,-44.5,16,-355,26
10.88,0,5.04,-2.35000000000036,-3.75,-7.95000000000073,-9.79999999999927,-7.79999999999927,-6.10000000000036,-46.5,12,-355,24
13.38,0,5.43,-3.35000000000036,-4.75,-9.95000000000073,-10.7999999999993,-8.79999999999927,-7.10000000000036,-50.5,11,-355,25
13.6,0,6.61,-3.35000000000036,-5.75,-9.95000000000073,-10.7999999999993,-8.79999999999927,-7.10000000000036,-52.5,12,-356,29
13.33,0,7.65,-4.35000000000036,-5.75,-9.95000000000073,-11.7999999999993,-9.79999999999927,-8.10000000000036,-56.5,13,-357,31
13.37,0,8.44,-3.35000000000036,-5.75,-10.9500000000007,-13.7999999999993,-10.7999999999993,-8.10000000000036,-58.5,12,-356,33
14.04,0,8.7,-4.35000000000036,-6.75,-10.9500000000007,-11.7999999999993,-10.7999999999993,-8.10000000000036,-60.5,9,-357,34
17.51,0,11.79,-4.35000000000036,-7.75,-10.9500000000007,-13.7999999999993,-11.7999999999993,-8.10000000000036,-63.5,10,-357,35
18.76,0,14.54,-5.35000000000036,-9.75,-12.9500000000007,-15.7999999999993,-12.7999999999993,-9.10000000000036,-70.5,8,-357,40
18.53,0,17.2,-7.35000000000036,-10.75,-13.9500000000007,-16.7999999999993,-15.7999999999993,-10.1000000000004,-76.5,7,-359,45
18.6,0,17.35,-5.35000000000036,-11.75,-13.9500000000007,-17.7999999999993,-16.7999999999993,-10.1000000000004,-79.5,2,-359,49
15.86,0,15.68,-5.35000000000036,-12.75,-12.9500000000007,-17.7999999999993,-16.7999999999993,-12.1000000000004,-81.5,-1,-358,52
13.17,0,16.03,-5.35000000000036,-13.75,-12.9500000000007,-17.7999999999993,-16.7999999999993,-10.1000000000004,-79.5,-2,-358,52
14.9,0,14.02,-5.35000000000036,-12.75,-11.9500000000007,-18.7999999999993,-16.7999999999993,-9.10000000000036,-78.5,-8,-357,49
15.1,0,11.69,-5.35000000000036,-12.75,-11.9500000000007,-15.7999999999993,-16.7999999999993,-9.10000000000036,-76.5,-8,-356,47
12.1,0,9.88,-4.35000000000036,-10.75,-10.9500000000007,-15.7999999999993,-15.7999999999993,-9.10000000000036,-72.5,-4,-357,46
10.74,0,9.88,-7.35000000000036,-10.75,-9.95000000000073,-15.7999999999993,-13.7999999999993,-9.10000000000036,-69.5,-2,-356,42
10.72,0,7.42,-4.35000000000036,-9.75,-9.95000000000073,-13.7999999999993,-13.7999999999993,-8.10000000000036,-65.5,-2,-357,39
11.16,0,5.55,-4.35000000000036,-7.75,-9.95000000000073,-12.7999999999993,-11.7999999999993,-8.10000000000036,-62.5,1,-356,36
8.76,0,6.04,-3.35000000000036,-7.75,-10.9500000000007,-12.7999999999993,-11.7999999999993,-7.10000000000036,-56.5,4,-357,33
6.97,0,6.04,-4.35000000000036,-6.75,-7.95000000000073,-11.7999999999993,-9.79999999999927,-7.10000000000036,-52.5,5,-355,30
5.3,0,6.85,-3.35000000000036,-5.75,-6.95000000000073,-9.79999999999927,-9.79999999999927,-5.10000000000036,-48.5,3,-354,27
3.68,0,9.68,-3.35000000000036,-6.75,-4.95000000000073,-9.79999999999927,-10.7999999999993,-5.10000000000036,-45.5,0,-353,24
4.27,0,12.19,-4.35000000000036,-8.75,-5.95000000000073,-10.7999999999993,-10.7999999999993,-4.10000000000036,-47.5,-6,-352,22
5.82,0,13.72,-3.35000000000036,-9.75,-3.95000000000073,-9.79999999999927,-12.7999999999993,-4.10000000000036,-50.5,-12,-351,24
4.75,0,10.74,-2.35000000000036,-9.75,-3.95000000000073,-11.7999999999993,-12.7999999999993,-4.10000000000036,-52.5,-16,-351,27
2.74,0,11.07,-2.35000000000036,-10.75,-3.95000000000073,-10.7999999999993,-11.7999999999993,-4.10000000000036,-48.5,-18,-351,27
3.82,0,12.12,-2.35000000000036,-9.75,-1.95000000000073,-10.7999999999993,-11.7999999999993,-4.10000000000036,-48.5,-19,-351,24
6.74,0,12.19,-2.35000000000036,-9.75,-3.95000000000073,-10.7999999999993,-12.7999999999993,-4.10000000000036,-50.5,-21,-350,25
9.33,0,12.76,-3.35000000000036,-10.75,-3.95000000000073,-11.7999999999993,-12.7999999999993,-4.10000000000036,-55.5,-19,-350,27
11.76,0,13.5,-4.35000000000036,-11.75,-4.95000000000073,-12.7999999999993,-14.7999999999993,-5.10000000000036,-60.5,-16,-352,31
14.2,0,11.65,-3.35000000000036,-10.75,-7.95000000000073,-13.7999999999993,-14.7999999999993,-7.10000000000036,-64.5,-14,-353,35
14.01,0,9,-3.35000000000036,-9.75,-8.95000000000073,-13.7999999999993,-13.7999999999993,-8.10000000000036,-66.5,-9,-355,38
14.21,0,7.02,-6.35000000000036,-9.75,-9.95000000000073,-13.7999999999993,-13.7999999999993,-8.10000000000036,-64.5,-3,-355,38
14.12,0,7.4,-5.35000000000036,-7.75,-8.95000000000073,-13.7999999999993,-11.7999999999993,-8.10000000000036,-63.5,4,-356,37
11.22,0,9.23,-4.35000000000036,-6.75,-10.9500000000007,-13.7999999999993,-11.7999999999993,-8.10000000000036,-62.5,6,-357,36
8.79,0,10.8,-4.35000000000036,-8.75,-8.95000000000073,-12.7999999999993,-12.7999999999993,-8.10000000000036,-61.5,6,-356,35
7.07,0,9.33,-4.35000000000036,-9.75,-7.95000000000073,-11.7999999999993,-12.7999999999993,-7.10000000000036,-60.5,-2,-355,34
5.66,0,7.13,-3.35000000000036,-8.75,-5.95000000000073,-11.7999999999993,-11.7999999999993,-5.10000000000036,-55.5,-5,-354,31
6.04,0,6.9,-2.35000000000036,-8.75,-6.95000000000073,-10.7999999999993,-11.7999999999993,-6.10000000000036,-51.5,-7,-353,28
7.34,0,6.54,-2.35000000000036,-6.75,-5.95000000000073,-10.7999999999993,-11.7999999999993,-5.10000000000036,-49.5,-7,-353,25
5.62,0,6.73,-2.35000000000036,-7.75,-5.95000000000073,-9.79999999999927,-10.7999999999993,-5.10000000000036,-47.5,-4,-353,25
6.82,0,6.74,-4.35000000000036,-7.75,-4.95000000000073,-9.79999999999927,-10.7999999999993,-5.10000000000036,-46.5,-5,-354,24
9.87,0,5.53,-2.35000000000036,-6.75,-5.95000000000073,-10.7999999999993,-10.7999999999993,-5.10000000000036,-47.5,-5,-352,23
11.88,0,4.95,-3.35000000000036,-5.75,-6.95000000000073,-11.7999999999993,-10.7999999999993,-6.10000000000036,-50.5,-1,-355,25
11.17,0,5.44,-3.35000000000036,-5.75,-8.95000000000073,-10.7999999999993,-9.79999999999927,-6.10000000000036,-52.5,5,-355,28
10.92,0,6.21,-3.35000000000036,-5.75,-8.95000000000073,-10.7999999999993,-8.79999999999927,-7.10000000000036,-52.5,7,-355,29
8.22,0,5.07,-3.35000000000036,-6.75,-7.95000000000073,-10.7999999999993,-9.79999999999927,-7.10000000000036,-51.5,7,-355,29
6.52,0,3.18,-2.35000000000036,-5.75,-6.95000000000073,-9.79999999999927,-9.79999999999927,-5.10000000000036,-46.5,6,-355,27
4.28,0,4.52,-3.35000000000036,-4.75,-7.95000000000073,-8.79999999999927,-7.79999999999927,-5.10000000000036,-40.5,6,-354,23
2.68,0,7.27,-2.35000000000036,-4.75,-4.95000000000073,-6.79999999999927,-8.79999999999927,-4.10000000000036,-36.5,2,-353,20
4.07,0,9.73,-2.35000000000036,-6.75,-2.95000000000073,-8.79999999999927,-8.79999999999927,-3.10000000000036,-38.5,-4,-351,18
4.29,0,12.48,-2.35000000000036,-8.75,-3.95000000000073,-8.79999999999927,-11.7999999999993,-3.10000000000036,-43.5,-10,-351,20
1.98,0,14.11,-2.35000000000036,-9.75,-1.95000000000073,-10.7999999999993,-11.7999999999993,-3.10000000000036,-48.5,-14,-351,23
0.97,0,14,-2.35000000000036,-10.75,-2.95000000000073,-9.79999999999927,-12.7999999999993,-2.10000000000036,-47.5,-22,-350,25
2.39,0,11.47,-2.35000000000036,-11.75,0.0499999999992724,-10.7999999999993,-13.7999999999993,-2.10000000000036,-46.5,-28,-348,24
4.66,0,8.9,-3.35000000000036,-10.75,-2.95000000000073,-10.7999999999993,-12.7999999999993,-2.10000000000036,-47.5,-27,-348,24
5.52,0,6.69,-2.35000000000036,-9.75,-1.95000000000073,-9.79999999999927,-11.7999999999993,-3.10000000000036,-45.5,-22,-349,23
6.9,0,5.13,-2.35000000000036,-8.75,-2.95000000000073,-9.79999999999927,-10.7999999999993,-3.10000000000036,-43.5,-16,-351,23
9.77,0,6.65,-2.35000000000036,-6.75,-5.95000000000073,-9.79999999999927,-9.79999999999927,-4.10000000000036,-46.5,-9,-352,22
11.75,0,9.32,-4.35000000000036,-7.75,-6.95000000000073,-10.7999999999993,-10.7999999999993,-5.10000000000036,-51.5,-4,-353,24
11.22,0,11.75,-3.35000000000036,-8.75,-6.95000000000073,-12.7999999999993,-12.7999999999993,-7.10000000000036,-56.5,-2,-354,29
11.11,0,13.37,-2.35000000000036,-9.75,-6.95000000000073,-12.7999999999993,-12.7999999999993,-7.10000000000036,-60.5,-4,-355,32
10.97,0,11.02,-4.35000000000036,-10.75,-7.95000000000073,-13.7999999999993,-13.7999999999993,-7.10000000000036,-62.5,-7,-355,35
10.82,0,8.51,-3.35000000000036,-9.75,-8.95000000000073,-12.7999999999993,-12.7999999999993,-7.10000000000036,-61.5,-8,-355,36
10.76,0,8.05,-5.35000000000036,-8.75,-8.95000000000073,-11.7999999999993,-12.7999999999993,-7.10000000000036,-60.5,-6,-355,35
11.21,0,8.25,-5.35000000000036,-7.75,-7.95000000000073,-11.7999999999993,-11.7999999999993,-7.10000000000036,-58.5,-3,-355,33
8.99,0,9.8,-3.35000000000036,-8.75,-8.95000000000073,-11.7999999999993,-12.7999999999993,-7.10000000000036,-58.5,-1,-355,33
7.73,0,11.29,-6.35000000000036,-8.75,-6.95000000000073,-12.7999999999993,-12.7999999999993,-6.10000000000036,-58.5,-2,-355,32
7.42,0,9.54,-3.35000000000036,-9.75,-5.95000000000073,-12.7999999999993,-12.7999999999993,-6.10000000000036,-56.5,-7,-354,32
7.52,0,7.21,-3.35000000000036,-8.75,-6.95000000000073,-11.7999999999993,-12.7999999999993,-5.10000000000036,-54.5,-10,-353,31
7.37,0,7.76,-3.35000000000036,-8.75,-8.95000000000073,-10.7999999999993,-11.7999999999993,-6.10000000000036,-53.5,-8,-354,29
7.23,0,7.81,-3.35000000000036,-7.75,-6.95000000000073,-10.7999999999993,-11.7999999999993,-6.10000000000036,-51.5,-6,-354,27
9.4,0,8.51,-3.35000000000036,-8.75,-5.95000000000073,-10.7999999999993,-11.7999999999993,-5.10000000000036,-51.5,-6,-353,27
12.25,0,10.81,-3.35000000000036,-8.75,-6.95000000000073,-13.7999999999993,-11.7999999999993,-6.10000000000036,-55.5,-6,-354,28
12.64,0,11.57,-3.35000000000036,-8.75,-7.95000000000073,-12.7999999999993,-12.7999999999993,-7.10000000000036,-62.5,-4,-355,32
12.63,0,11.2,-3.35000000000036,-9.75,-8.95000000000073,-13.7999999999993,-13.7999999999993,-8.10000000000036,-65.5,-4,-356,36
12.68,0,11.92,-6.35000000000036,-9.75,-9.95000000000073,-13.7999999999993,-13.7999999999993,-8.10000000000036,-65.5,-4,-357,37
12.69,0,12.07,-5.35000000000036,-10.75,-9.95000000000073,-13.7999999999993,-13.7999999999993,-8.10000000000036,-67.5,-4,-357,38
10.57,0,10.38,-5.35000000000036,-10.75,-8.95000000000073,-13.7999999999993,-14.7999999999993,-8.10000000000036,-67.5,-5,-357,39
8.65,0,7.92,-4.35000000000036,-9.75,-7.95000000000073,-13.7999999999993,-13.7999999999993,-8.10000000000036,-62.5,-6,-355,38
9.04,0,5.79,-3.35000000000036,-9.75,-7.95000000000073,-12.7999999999993,-11.7999999999993,-7.10000000000036,-57.5,-6,-354,34
9.09,0,4.35,-3.35000000000036,-6.75,-7.95000000000073,-10.7999999999993,-11.7999999999993,-7.10000000000036,-53.5,-3,-354,31
8.42,0,5.29,-3.35000000000036,-5.75,-7.95000000000073,-10.7999999999993,-9.79999999999927,-7.10000000000036,-51.5,3,-355,28
8.96,0,8.05,-3.35000000000036,-6.75,-6.95000000000073,-10.7999999999993,-10.7999999999993,-6.10000000000036,-51.5,3,-354,27
12.4,0,10.96,-3.35000000000036,-7.75,-7.95000000000073,-11.7999999999993,-11.7999999999993,-7.10000000000036,-56.5,2,-354,27
13.96,0,12.27,-3.35000000000036,-9.75,-7.95000000000073,-13.7999999999993,-12.7999999999993,-8.10000000000036,-63.5,0,-355,32
10.99,0,11.23,-4.35000000000036,-9.75,-9.95000000000073,-13.7999999999993,-13.7999999999993,-8.10000000000036,-66.5,-2,-357,37
9.28,0,10.37,-4.35000000000036,-9.75,-8.95000000000073,-13.7999999999993,-14.7999999999993,-8.10000000000036,-64.5,-4,-356,37
10.28,0,10.43,-4.35000000000036,-10.75,-7.95000000000073,-12.7999999999993,-13.7999999999993,-8.10000000000036,-62.5,-6,-356,35
12.04,0,10.34,-4.35000000000036,-10.75,-8.95000000000073,-14.7999999999993,-13.7999999999993,-8.10000000000036,-63.5,-5,-355,35
12.51,0,7.75,-5.35000000000036,-9.75,-8.95000000000073,-12.7999999999993,-12.7999999999993,-8.10000000000036,-63.5,-5,-355,36
12.7,0,6.72,-4.35000000000036,-8.75,-9.95000000000073,-13.7999999999993,-12.7999999999993,-8.10000000000036,-62.5,0,-356,36
10.84,0,7.27,-4.35000000000036,-7.75,-9.95000000000073,-12.7999999999993,-11.7999999999993,-8.10000000000036,-61.5,4,-356,35
10.86,0,7.51,-4.35000000000036,-7.75,-8.95000000000073,-12.7999999999993,-11.7999999999993,-7.10000000000036,-59.5,3,-356,33
12.97,0,10.3,-3.35000000000036,-7.75,-8.95000000000073,-12.7999999999993,-11.7999999999993,-8.10000000000036,-60.5,4,-357,33
13.93,0,11.18,-4.35000000000036,-8.75,-10.9500000000007,-14.7999999999993,-13.7999999999993,-8.10000000000036,-65.5,2,-356,35
12.46,0,9.78,-5.35000000000036,-9.75,-11.9500000000007,-14.7999999999993,-13.7999999999993,-8.10000000000036,-66.5,2,-357,38
11.54,0,7.85,-3.35000000000036,-8.75,-9.95000000000073,-14.7999999999993,-13.7999999999993,-9.10000000000036,-65.5,1,-358,38
14.27,0,9.6,-4.35000000000036,-9.75,-9.95000000000073,-13.7999999999993,-12.7999999999993,-8.10000000000036,-65.5,1,-356,36
15.99,0,11.74,-4.35000000000036,-8.75,-10.9500000000007,-14.7999999999993,-13.7999999999993,-9.10000000000036,-69.5,3,-356,37
17.52,0,11.96,-5.35000000000036,-8.75,-11.9500000000007,-15.7999999999993,-14.7999999999993,-10.1000000000004,-72.5,3,-357,41
17.17,0,11.57,-5.35000000000036,-9.75,-12.9500000000007,-15.7999999999993,-15.7999999999993,-11.1000000000004,-74.5,5,-358,44
13.89,0,9.79,-4.35000000000036,-10.75,-12.9500000000007,-15.7999999999993,-14.7999999999993,-11.1000000000004,-73.5,6,-359,45
12.76,0,7.86,-5.35000000000036,-9.75,-11.9500000000007,-15.7999999999993,-14.7999999999993,-9.10000000000036,-71.5,4,-358,43
15.79,0,6.02,-4.35000000000036,-9.75,-11.9500000000007,-14.7999999999993,-12.7999999999993,-10.1000000000004,-67.5,5,-357,40
17.13,0,5.98,-5.35000000000036,-6.75,-11.9500000000007,-15.7999999999993,-11.7999999999993,-11.1000000000004,-67.5,9,-358,39
16.67,0,7.51,-4.35000000000036,-6.75,-12.9500000000007,-13.7999999999993,-11.7999999999993,-10.1000000000004,-68.5,14,-358,40
16.43,0,10.47,-5.35000000000036,-7.75,-12.9500000000007,-14.7999999999993,-12.7999999999993,-11.1000000000004,-70.5,15,-358,40
13,0,12.26,-4.35000000000036,-8.75,-12.9500000000007,-15.7999999999993,-13.7999999999993,-10.1000000000004,-71.5,13,-359,42
11.09,0,11.47,-6.35000000000036,-9.75,-11.9500000000007,-14.7999999999993,-14.7999999999993,-11.1000000000004,-71.5,6,-358,42
12.41,0,10.18,-5.35000000000036,-10.75,-10.9500000000007,-15.7999999999993,-14.7999999999993,-9.10000000000036,-70.5,0,-356,40
13.19,0,7.91,-6.35000000000036,-9.75,-13.9500000000007,-14.7999999999993,-13.7999999999993,-9.10000000000036,-70.5,-1,-357,40
10.51,0,8.49,-5.35000000000036,-7.75,-9.95000000000073,-13.7999999999993,-13.7999999999993,-8.10000000000036,-66.5,4,-357,39
9.61,0,8.56,-4.35000000000036,-8.75,-9.95000000000073,-13.7999999999993,-12.7999999999993,-8.10000000000036,-63.5,2,-356,37
11.78,0,7.42,-4.35000000000036,-8.75,-8.95000000000073,-13.7999999999993,-12.7999999999993,-9.10000000000036,-62.5,1,-357,34
11.91,0,7.06,-4.35000000000036,-7.75,-9.95000000000073,-12.7999999999993,-12.7999999999993,-8.10000000000036,-62.5,2,-356,34
12.07,0,4.62,-4.35000000000036,-6.75,-10.9500000000007,-13.7999999999993,-11.7999999999993,-9.10000000000036,-61.5,5,-357,34
13.65,0,3.03,-4.35000000000036,-5.75,-11.9500000000007,-11.7999999999993,-10.7999999999993,-8.10000000000036,-57.5,9,-356,33
14.87,0,4.15,-4.35000000000036,-5.75,-10.9500000000007,-12.7999999999993,-10.7999999999993,-9.10000000000036,-57.5,13,-357,32
15.66,0,6.21,-3.35000000000036,-4.75,-12.9500000000007,-12.7999999999993,-9.79999999999927,-9.10000000000036,-60.5,17,-357,33
12.35,0,5.85,-4.35000000000036,-5.75,-12.9500000000007,-13.7999999999993,-10.7999999999993,-10.1000000000004,-61.5,17,-359,36
10.26,0,5.71,-4.35000000000036,-5.75,-11.9500000000007,-12.7999999999993,-9.79999999999927,-9.10000000000036,-59.5,16,-358,34
9.87,0,5.61,-4.35000000000036,-5.75,-9.95000000000073,-11.7999999999993,-10.7999999999993,-8.10000000000036,-56.5,11,-357,33
9.53,0,5.6,-4.35000000000036,-6.75,-8.95000000000073,-10.7999999999993,-9.79999999999927,-8.10000000000036,-55.5,10,-357,30
7.37,0,5.56,-3.35000000000036,-5.75,-8.95000000000073,-11.7999999999993,-9.79999999999927,-7.10000000000036,-51.5,8,-356,29
5.76,0,5.51,-3.35000000000036,-5.75,-9.95000000000073,-10.7999999999993,-10.7999999999993,-6.10000000000036,-49.5,6,-355,28
7.44,0,5.55,-3.35000000000036,-5.75,-6.95000000000073,-10.7999999999993,-9.79999999999927,-6.10000000000036,-46.5,2,-354,25
9.98,0,6.05,-5.35000000000036,-5.75,-7.95000000000073,-9.79999999999927,-9.79999999999927,-6.10000000000036,-48.5,1,-354,24
9.96,0,9.36,-3.35000000000036,-7.75,-7.95000000000073,-11.7999999999993,-10.7999999999993,-7.10000000000036,-52.5,4,-354,26
11.07,0,11.43,-4.35000000000036,-8.75,-8.95000000000073,-12.7999999999993,-11.7999999999993,-7.10000000000036,-57.5,3,-356,29
8.89,0,10.58,-6.35000000000036,-9.75,-8.95000000000073,-12.7999999999993,-12.7999999999993,-8.10000000000036,-60.5,0,-355,33
7.33,0,10.23,-4.35000000000036,-8.75,-8.95000000000073,-12.7999999999993,-12.7999999999993,-8.10000000000036,-60.5,-5,-356,33
9.13,0,10.13,-4.35000000000036,-8.75,-6.95000000000073,-12.7999999999993,-12.7999999999993,-7.10000000000036,-58.5,-7,-355,32
12.31,0,10.08,-4.35000000000036,-8.75,-8.95000000000073,-13.7999999999993,-12.7999999999993,-7.10000000000036,-60.5,-8,-354,32
14.61,0,9.94,-4.35000000000036,-9.75,-10.9500000000007,-14.7999999999993,-12.7999999999993,-8.10000000000036,-64.5,-4,-355,34
16.12,0,9.71,-5.35000000000036,-9.75,-10.9500000000007,-13.7999999999993,-13.7999999999993,-10.1000000000004,-67.5,0,-356,37
12.37,0,6.83,-6.35000000000036,-8.75,-11.9500000000007,-14.7999999999993,-13.7999999999993,-10.1000000000004,-68.5,3,-357,41
10.73,0,5.01,-4.35000000000036,-7.75,-10.9500000000007,-12.7999999999993,-13.7999999999993,-10.1000000000004,-63.5,5,-358,39
11.1,0,2.74,-3.35000000000036,-6.75,-9.95000000000073,-12.7999999999993,-10.7999999999993,-8.10000000000036,-56.5,6,-356,34
12.02,0,1.34,-3.35000000000036,-4.75,-11.9500000000007,-10.7999999999993,-9.79999999999927,-8.10000000000036,-52.5,11,-357,30
10.02,0,2.43,-4.35000000000036,-3.75,-10.9500000000007,-9.79999999999927,-7.79999999999927,-8.10000000000036,-49.5,15,-357,28
8.4,0,4.58,-5.35000000000036,-5.75,-9.95000000000073,-10.7999999999993,-8.79999999999927,-8.10000000000036,-48.5,16,-357,26
6.71,0,4.18,-4.35000000000036,-4.75,-7.95000000000073,-10.7999999999993,-8.79999999999927,-7.10000000000036,-46.5,13,-355,26
4.72,0,4.3,-3.35000000000036,-3.75,-6.95000000000073,-8.79999999999927,-8.79999999999927,-6.10000000000036,-41.5,9,-354,24
5.16,0,7.07,-2.35000000000036,-5.75,-7.95000000000073,-7.79999999999927,-8.79999999999927,-5.10000000000036,-41.5,6,-353,21
5.01,0,8.94,-3.35000000000036,-6.75,-4.95000000000073,-8.79999999999927,-9.79999999999927,-5.10000000000036,-42.5,0,-354,21
6.26,0,7.87,-3.35000000000036,-7.75,-5.95000000000073,-10.7999999999993,-10.7999999999993,-6.10000000000036,-44.5,-5,-353,23
8.44,0,7.91,-3.35000000000036,-7.75,-5.95000000000073,-10.7999999999993,-10.7999999999993,-5.10000000000036,-48.5,-6,-352,23
7.97,0,10.09,-5.35000000000036,-7.75,-6.95000000000073,-10.7999999999993,-10.7999999999993,-6.10000000000036,-49.5,-4,-353,26
7.96,0,12.12,-3.35000000000036,-8.75,-7.95000000000073,-11.7999999999993,-11.7999999999993,-6.10000000000036,-53.5,-4,-353,27
7.92,0,11.22,-3.35000000000036,-8.75,-6.95000000000073,-12.7999999999993,-12.7999999999993,-6.10000000000036,-56.5,-10,-353,30
7.91,0,10.72,-4.35000000000036,-9.75,-5.95000000000073,-11.7999999999993,-13.7999999999993,-6.10000000000036,-56.5,-10,-353,31
10.62,0,9.76,-3.35000000000036,-8.75,-6.95000000000073,-11.7999999999993,-12.7999999999993,-7.10000000000036,-58.5,-10,-354,31
12.33,0,8.94,-4.35000000000036,-8.75,-7.95000000000073,-11.7999999999993,-12.7999999999993,-8.10000000000036,-60.5,-8,-355,32
9.43,0,11,-6.35000000000036,-8.75,-9.95000000000073,-12.7999999999993,-12.7999999999993,-8.10000000000036,-61.5,-3,-355,34
7.71,0,12.83,-4.35000000000036,-10.75,-6.95000000000073,-12.7999999999993,-13.7999999999993,-7.10000000000036,-61.5,-4,-355,34
10.25,0,10.83,-4.35000000000036,-10.75,-7.95000000000073,-12.7999999999993,-13.7999999999993,-8.10000000000036,-61.5,-11,-355,33
13.07,0,8.54,-4.35000000000036,-9.75,-8.95000000000073,-13.7999999999993,-12.7999999999993,-8.10000000000036,-62.5,-9,-354,34
14.79,0,9.33,-5.35000000000036,-8.75,-8.95000000000073,-13.7999999999993,-12.7999999999993,-9.10000000000036,-65.5,-4,-355,35
13.89,0,9.83,-4.35000000000036,-9.75,-10.9500000000007,-14.7999999999993,-13.7999999999993,-9.10000000000036,-67.5,1,-356,38
10.86,0,10.71,-5.35000000000036,-9.75,-9.95000000000073,-14.7999999999993,-13.7999999999993,-9.10000000000036,-67.5,2,-357,39
10.31,0,11.08,-5.35000000000036,-9.75,-8.95000000000073,-14.7999999999993,-14.7999999999993,-8.10000000000036,-67.5,-1,-356,38
13.01,0,9.49,-5.35000000000036,-9.75,-9.95000000000073,-13.7999999999993,-13.7999999999993,-9.10000000000036,-67.5,-4,-356,37
15.29,0,7.46,-4.35000000000036,-8.75,-11.9500000000007,-13.7999999999993,-13.7999999999993,-10.1000000000004,-67.5,-3,-356,37
18.41,0,8.3,-4.35000000000036,-8.75,-12.9500000000007,-15.7999999999993,-12.7999999999993,-11.1000000000004,-69.5,3,-357,38
18.8,0,10.25,-5.35000000000036,-7.75,-13.9500000000007,-15.7999999999993,-13.7999999999993,-12.1000000000004,-74.5,10,-359,41
18.48,0,8.67,-7.35000000000036,-9.75,-13.9500000000007,-15.7999999999993,-13.7999999999993,-13.1000000000004,-76.5,10,-359,44
18.49,0,6.62,-6.35000000000036,-7.75,-15.9500000000007,-15.7999999999993,-12.7999999999993,-13.1000000000004,-76.5,13,-360,45
18.38,0,7.17,-5.35000000000036,-8.75,-14.9500000000007,-14.7999999999993,-14.7999999999993,-12.1000000000004,-75.5,15,-359,44
18.2,0,7.46,-5.35000000000036,-6.75,-14.9500000000007,-15.7999999999993,-12.7999999999993,-13.1000000000004,-74.5,17,-360,43
15.11,0,10.05,-6.35000000000036,-7.75,-13.9500000000007,-15.7999999999993,-13.7999999999993,-12.1000000000004,-74.5,18,-359,44
12.24,0,11.74,-5.35000000000036,-8.75,-11.9500000000007,-14.7999999999993,-14.7999999999993,-11.1000000000004,-74.5,15,-359,43
10.37,0,9.89,-6.35000000000036,-9.75,-11.9500000000007,-15.7999999999993,-13.7999999999993,-10.1000000000004,-72.5,6,-358,42
8.83,0,7.13,-4.35000000000036,-9.75,-10.9500000000007,-13.7999999999993,-13.7999999999993,-10.1000000000004,-67.5,2,-357,39
11.68,0,5,-3.35000000000036,-7.75,-10.9500000000007,-12.7999999999993,-12.7999999999993,-9.10000000000036,-62.5,1,-356,35
13.06,0,2.8,-5.35000000000036,-5.75,-11.9500000000007,-13.7999999999993,-10.7999999999993,-9.10000000000036,-60.5,5,-357,33
10.03,0,2.08,-4.35000000000036,-4.75,-10.9500000000007,-11.7999999999993,-9.79999999999927,-9.10000000000036,-55.5,13,-357,32
8.74,0,1.9,-4.35000000000036,-3.75,-9.95000000000073,-10.7999999999993,-8.79999999999927,-8.10000000000036,-49.5,15,-356,29
9.22,0,3.19,-4.35000000000036,-3.75,-9.95000000000073,-10.7999999999993,-8.79999999999927,-7.10000000000036,-46.5,14,-355,25
10.4,0,5.79,-4.35000000000036,-5.75,-8.95000000000073,-10.7999999999993,-9.79999999999927,-7.10000000000036,-48.5,14,-355,25
12.52,0,8.29,-3.35000000000036,-5.75,-9.95000000000073,-11.7999999999993,-9.79999999999927,-8.10000000000036,-53.5,11,-355,26
13.84,0,10.22,-5.35000000000036,-6.75,-10.9500000000007,-11.7999999999993,-11.7999999999993,-9.10000000000036,-61.5,9,-357,31
12.92,0,8.8,-3.35000000000036,-8.75,-10.9500000000007,-13.7999999999993,-12.7999999999993,-10.1000000000004,-63.5,8,-358,35
12.09,0,8.77,-6.35000000000036,-6.75,-10.9500000000007,-13.7999999999993,-12.7999999999993,-9.10000000000036,-64.5,6,-358,36
13.45,0,6.46,-5.35000000000036,-7.75,-11.9500000000007,-12.7999999999993,-12.7999999999993,-10.1000000000004,-64.5,5,-357,36
14.28,0,4.89,-5.35000000000036,-5.75,-12.9500000000007,-12.7999999999993,-11.7999999999993,-10.1000000000004,-64.5,8,-358,35
11.31,0,6.38,-5.35000000000036,-6.75,-10.9500000000007,-12.7999999999993,-11.7999999999993,-10.1000000000004,-60.5,13,-358,35
9.48,0,9.47,-5.35000000000036,-6.75,-10.9500000000007,-12.7999999999993,-11.7999999999993,-9.10000000000036,-60.5,11,-358,33
10.39,0,10.19,-6.35000000000036,-7.75,-9.95000000000073,-12.7999999999993,-11.7999999999993,-9.10000000000036,-61.5,6,-356,33
12.32,0,10.18,-4.35000000000036,-9.75,-10.9500000000007,-13.7999999999993,-12.7999999999993,-8.10000000000036,-65.5,1,-357,34
9.89,0,9.94,-4.35000000000036,-9.75,-9.95000000000073,-14.7999999999993,-13.7999999999993,-9.10000000000036,-66.5,0,-357,36
7.84,0,9.82,-4.35000000000036,-8.75,-8.95000000000073,-13.7999999999993,-13.7999999999993,-9.10000000000036,-63.5,-1,-357,35
6.2,0,12.26,-3.35000000000036,-9.75,-6.95000000000073,-13.7999999999993,-13.7999999999993,-8.10000000000036,-61.5,-4,-356,33
6.9,0,14.47,-4.35000000000036,-10.75,-6.95000000000073,-12.7999999999993,-14.7999999999993,-8.10000000000036,-63.5,-9,-355,32
8.56,0,11.66,-6.35000000000036,-10.75,-6.95000000000073,-13.7999999999993,-14.7999999999993,-7.10000000000036,-63.5,-15,-353,33
9.45,0,9.73,-3.35000000000036,-11.75,-7.95000000000073,-14.7999999999993,-14.7999999999993,-8.10000000000036,-63.5,-14,-353,34
7.66,0,10.03,-5.35000000000036,-9.75,-8.95000000000073,-12.7999999999993,-14.7999999999993,-8.10000000000036,-64.5,-10,-355,33
6.55,0,9.48,-5.35000000000036,-10.75,-6.95000000000073,-11.7999999999993,-12.7999999999993,-8.10000000000036,-60.5,-10,-355,32
4.51,0,7.36,-3.35000000000036,-9.75,-4.95000000000073,-10.7999999999993,-12.7999999999993,-6.10000000000036,-55.5,-10,-353,31
3.67,0,6.08,-4.35000000000036,-7.75,-4.95000000000073,-11.7999999999993,-11.7999999999993,-5.10000000000036,-48.5,-10,-352,27
4.76,0,3.82,-2.35000000000036,-6.75,-4.95000000000073,-9.79999999999927,-10.7999999999993,-5.10000000000036,-43.5,-9,-352,23
6.96,0,2.37,-3.35000000000036,-6.75,-5.95000000000073,-9.79999999999927,-9.79999999999927,-5.10000000000036,-40.5,-6,-351,20
7.09,0,3.74,-2.35000000000036,-5.75,-6.95000000000073,-9.79999999999927,-7.79999999999927,-6.10000000000036,-39.5,0,-353,20
6.74,0,6.64,-3.35000000000036,-5.75,-5.95000000000073,-8.79999999999927,-8.79999999999927,-6.10000000000036,-41.5,2,-354,20
6.07,0,9.04,-3.35000000000036,-6.75,-5.95000000000073,-9.79999999999927,-9.79999999999927,-6.10000000000036,-45.5,1,-353,22
5.1,0,11.47,-3.35000000000036,-8.75,-6.95000000000073,-10.7999999999993,-11.7999999999993,-6.10000000000036,-48.5,-4,-354,23
6.52,0,14.13,-3.35000000000036,-9.75,-3.95000000000073,-11.7999999999993,-13.7999999999993,-6.10000000000036,-51.5,-9,-353,25
9.67,0,14.51,-5.35000000000036,-9.75,-5.95000000000073,-12.7999999999993,-13.7999999999993,-6.10000000000036,-58.5,-16,-352,28
12.27,0,13.67,-4.35000000000036,-10.75,-6.95000000000073,-13.7999999999993,-14.7999999999993,-8.10000000000036,-63.5,-17,-353,33
14.66,0,13.67,-4.35000000000036,-11.75,-8.95000000000073,-15.7999999999993,-16.7999999999993,-9.10000000000036,-69.5,-14,-354,37
17.33,0,13.57,-5.35000000000036,-11.75,-10.9500000000007,-15.7999999999993,-16.7999999999993,-10.1000000000004,-75.5,-10,-356,41
18.93,0,13.52,-5.35000000000036,-11.75,-11.9500000000007,-17.7999999999993,-16.7999999999993,-11.1000000000004,-80.5,-6,-357,44
17.29,0,10.97,-7.35000000000036,-11.75,-12.9500000000007,-16.7999999999993,-16.7999999999993,-13.1000000000004,-81.5,-1,-358,47
16.61,0,8.89,-6.35000000000036,-10.75,-14.9500000000007,-16.7999999999993,-16.7999999999993,-12.1000000000004,-79.5,2,-359,47
15.28,0,6.88,-5.35000000000036,-9.75,-12.9500000000007,-15.7999999999993,-15.7999999999993,-13.1000000000004,-76.5,4,-359,45
15.35,0,5.25,-5.35000000000036,-8.75,-13.9500000000007,-15.7999999999993,-13.7999999999993,-12.1000000000004,-72.5,7,-359,42
13.22,0,5.75,-7.35000000000036,-7.75,-12.9500000000007,-14.7999999999993,-12.7999999999993,-11.1000000000004,-69.5,11,-359,39
11.36,0,5.6,-5.35000000000036,-6.75,-12.9500000000007,-14.7999999999993,-11.7999999999993,-10.1000000000004,-65.5,13,-358,37
9.24,0,6.96,-4.35000000000036,-7.75,-9.95000000000073,-13.7999999999993,-11.7999999999993,-9.10000000000036,-60.5,11,-358,35
7.63,0,10.06,-4.35000000000036,-6.75,-9.95000000000073,-12.7999999999993,-11.7999999999993,-8.10000000000036,-59.5,9,-357,32
8.2,0,11.8,-6.35000000000036,-8.75,-9.95000000000073,-12.7999999999993,-11.7999999999993,-9.10000000000036,-61.5,2,-356,31
8.77,0,11.89,-5.35000000000036,-9.75,-7.95000000000073,-13.7999999999993,-14.7999999999993,-8.10000000000036,-63.5,-5,-355,32
12.05,0,9.95,-4.35000000000036,-10.75,-8.95000000000073,-14.7999999999993,-13.7999999999993,-9.10000000000036,-66.5,-9,-355,33
12.86,0,7.76,-4.35000000000036,-9.75,-10.9500000000007,-14.7999999999993,-13.7999999999993,-9.10000000000036,-67.5,-6,-355,36
10.18,0,8.35,-5.35000000000036,-9.75,-10.9500000000007,-14.7999999999993,-12.7999999999993,-9.10000000000036,-65.5,1,-357,36
8.21,0,8.54,-6.35000000000036,-8.75,-9.95000000000073,-12.7999999999993,-13.7999999999993,-8.10000000000036,-62.5,0,-357,35
8.64,0,11.04,-4.35000000000036,-7.75,-8.95000000000073,-12.7999999999993,-12.7999999999993,-8.10000000000036,-61.5,-2,-356,32
8.8,0,13.07,-4.35000000000036,-10.75,-7.95000000000073,-12.7999999999993,-13.7999999999993,-9.10000000000036,-63.5,-4,-355,32
11.35,0,11.87,-4.35000000000036,-9.75,-7.95000000000073,-14.7999999999993,-14.7999999999993,-9.10000000000036,-67.5,-9,-355,34
13.63,0,11.41,-4.35000000000036,-10.75,-10.9500000000007,-14.7999999999993,-14.7999999999993,-10.1000000000004,-70.5,-8,-356,36
14.23,0,9.25,-5.35000000000036,-10.75,-9.95000000000073,-15.7999999999993,-14.7999999999993,-9.10000000000036,-71.5,-5,-355,39
13.72,0,7.03,-5.35000000000036,-10.75,-11.9500000000007,-14.7999999999993,-13.7999999999993,-11.1000000000004,-71.5,-2,-357,40
10.96,0,5.01,-5.35000000000036,-8.75,-10.9500000000007,-13.7999999999993,-13.7999999999993,-10.1000000000004,-66.5,4,-357,39
8.75,0,3.32,-4.35000000000036,-6.75,-10.9500000000007,-11.7999999999993,-11.7999999999993,-9.10000000000036,-59.5,6,-357,35
8.83,0,4.03,-4.35000000000036,-5.75,-10.9500000000007,-11.7999999999993,-9.79999999999927,-8.10000000000036,-53.5,9,-356,29
9,0,4.31,-4.35000000000036,-6.75,-10.9500000000007,-11.7999999999993,-9.79999999999927,-8.10000000000036,-51.5,8,-356,27
6.82,0,6.47,-3.35000000000036,-5.75,-9.95000000000073,-10.7999999999993,-9.79999999999927,-7.10000000000036,-49.5,8,-356,27
6.06,0,8.28,-4.35000000000036,-6.75,-6.95000000000073,-10.7999999999993,-10.7999999999993,-8.10000000000036,-49.5,5,-354,25
6.34,0,7.68,-4.35000000000036,-7.75,-7.95000000000073,-11.7999999999993,-10.7999999999993,-6.10000000000036,-50.5,-1,-355,25
6.44,0,7.65,-3.35000000000036,-7.75,-6.95000000000073,-10.7999999999993,-10.7999999999993,-7.10000000000036,-49.5,-4,-353,25
8.77,0,10.94,-3.35000000000036,-8.75,-6.95000000000073,-10.7999999999993,-11.7999999999993,-7.10000000000036,-51.5,-4,-354,25
10.95,0,13.67,-4.35000000000036,-8.75,-7.95000000000073,-12.7999999999993,-13.7999999999993,-7.10000000000036,-58.5,-6,-353,28
8.56,0,16.61,-4.35000000000036,-10.75,-7.95000000000073,-13.7999999999993,-14.7999999999993,-9.10000000000036,-67.5,-8,-355,33
6.66,0,16.78,-4.35000000000036,-13.75,-6.95000000000073,-15.7999999999993,-16.7999999999993,-8.10000000000036,-70.5,-15,-355,36
4.63,0,14.51,-4.35000000000036,-12.75,-5.95000000000073,-13.7999999999993,-16.7999999999993,-6.10000000000036,-68.5,-22,-352,37
2.99,0,12.71,-4.35000000000036,-13.75,-4.95000000000073,-13.7999999999993,-15.7999999999993,-6.10000000000036,-62.5,-25,-351,35
3.48,0,14.31,-6.35000000000036,-11.75,-2.95000000000073,-11.7999999999993,-15.7999999999993,-5.10000000000036,-59.5,-26,-351,30
3.68,0,14.63,-3.35000000000036,-12.75,-1.95000000000073,-12.7999999999993,-15.7999999999993,-5.10000000000036,-60.5,-26,-350,29
5.89,0,11.95,-4.35000000000036,-12.75,-2.95000000000073,-12.7999999999993,-15.7999999999993,-5.10000000000036,-60.5,-28,-350,30
8.65,0,10.21,-4.35000000000036,-11.75,-4.95000000000073,-12.7999999999993,-14.7999999999993,-7.10000000000036,-61.5,-26,-351,30
11.39,0,10.85,-3.35000000000036,-10.75,-4.95000000000073,-13.7999999999993,-14.7999999999993,-7.10000000000036,-62.5,-20,-352,31
13.69,0,11.01,-6.35000000000036,-10.75,-7.95000000000073,-13.7999999999993,-14.7999999999993,-9.10000000000036,-68.5,-14,-354,34
13.58,0,8.42,-6.35000000000036,-9.75,-8.95000000000073,-14.7999999999993,-14.7999999999993,-10.1000000000004,-70.5,-8,-355,37
14.15,0,6.37,-6.35000000000036,-9.75,-9.95000000000073,-14.7999999999993,-13.7999999999993,-10.1000000000004,-69.5,-3,-357,39
15.87,0,4.32,-5.35000000000036,-7.75,-11.9500000000007,-13.7999999999993,-12.7999999999993,-10.1000000000004,-68.5,1,-357,37
16.54,0,2.88,-5.35000000000036,-5.75,-11.9500000000007,-13.7999999999993,-11.7999999999993,-11.1000000000004,-65.5,9,-357,37
12.77,0,3.71,-4.35000000000036,-6.75,-12.9500000000007,-12.7999999999993,-10.7999999999993,-11.1000000000004,-62.5,17,-358,36
10.33,0,5.42,-4.35000000000036,-5.75,-11.9500000000007,-12.7999999999993,-10.7999999999993,-10.1000000000004,-58.5,18,-358,34
8.4,0,4.88,-4.35000000000036,-5.75,-9.95000000000073,-10.7999999999993,-10.7999999999993,-9.10000000000036,-55.5,13,-358,32
6.98,0,4.03,-3.35000000000036,-5.75,-8.95000000000073,-10.7999999999993,-9.79999999999927,-8.10000000000036,-51.5,9,-357,29
7.32,0,1.57,-3.35000000000036,-4.75,-10.9500000000007,-9.79999999999927,-9.79999999999927,-8.10000000000036,-46.5,7,-356,26
7.37,0,0.96,-3.35000000000036,-3.75,-7.95000000000073,-8.79999999999927,-7.79999999999927,-7.10000000000036,-41.5,7,-355,23
8.93,0,1.99,-4.35000000000036,-2.75,-9.95000000000073,-9.79999999999927,-6.79999999999927,-7.10000000000036,-38.5,10,-355,21
12.12,0,4.91,-3.35000000000036,-2.75,-9.95000000000073,-9.79999999999927,-7.79999999999927,-8.10000000000036,-43.5,11,-354,21
14.59,0,5.41,-5.35000000000036,-4.75,-9.95000000000073,-10.7999999999993,-8.79999999999927,-8.10000000000036,-50.5,12,-356,25
16.7,0,5.43,-4.35000000000036,-5.75,-11.9500000000007,-11.7999999999993,-9.79999999999927,-9.10000000000036,-56.5,14,-356,30
15.16,0,8.53,-4.35000000000036,-4.75,-12.9500000000007,-13.7999999999993,-10.7999999999993,-10.1000000000004,-61.5,17,-357,33
13.03,0,10.41,-5.35000000000036,-6.75,-12.9500000000007,-14.7999999999993,-11.7999999999993,-11.1000000000004,-64.5,16,-359,36
12.36,0,9.22,-4.35000000000036,-7.75,-13.9500000000007,-12.7999999999993,-12.7999999999993,-10.1000000000004,-65.5,9,-358,37
11.03,0,7.36,-4.35000000000036,-8.75,-10.9500000000007,-14.7999999999993,-11.7999999999993,-11.1000000000004,-64.5,6,-357,37
8.99,0,8,-4.35000000000036,-7.75,-10.9500000000007,-13.7999999999993,-12.7999999999993,-10.1000000000004,-61.5,5,-358,35
7.6,0,10.08,-6.35000000000036,-8.75,-9.95000000000073,-11.7999999999993,-12.7999999999993,-8.10000000000036,-58.5,3,-355,33
5.11,0,12.64,-4.35000000000036,-10.75,-7.95000000000073,-12.7999999999993,-12.7999999999993,-8.10000000000036,-58.5,-1,-356,31
3.43,0,12.13,-3.35000000000036,-9.75,-5.95000000000073,-12.7999999999993,-13.7999999999993,-6.10000000000036,-56.5,-8,-354,30
4.17,0,10.04,-4.35000000000036,-10.75,-4.95000000000073,-11.7999999999993,-13.7999999999993,-6.10000000000036,-55.5,-16,-352,29
5.97,0,7.37,-3.35000000000036,-9.75,-4.95000000000073,-10.7999999999993,-12.7999999999993,-5.10000000000036,-51.5,-16,-351,27
8.56,0,5.35,-3.35000000000036,-7.75,-5.95000000000073,-11.7999999999993,-12.7999999999993,-7.10000000000036,-50.5,-14,-352,25
10.75,0,5.46,-4.35000000000036,-7.75,-10.9500000000007,-11.7999999999993,-10.7999999999993,-7.10000000000036,-52.5,-6,-354,26
11.05,0,3.19,-4.35000000000036,-6.75,-8.95000000000073,-10.7999999999993,-10.7999999999993,-8.10000000000036,-51.5,0,-354,28
11.59,0,1.66,-5.35000000000036,-4.75,-8.95000000000073,-10.7999999999993,-9.79999999999927,-8.10000000000036,-50.5,6,-356,28
14.45,0,2.35,-3.35000000000036,-3.75,-10.9500000000007,-10.7999999999993,-8.79999999999927,-9.10000000000036,-51.5,11,-356,27
16.51,0,4,-4.35000000000036,-2.75,-11.9500000000007,-11.7999999999993,-8.79999999999927,-9.10000000000036,-54.5,16,-356,28
15.65,0,5.77,-6.35000000000036,-5.75,-13.9500000000007,-11.7999999999993,-9.79999999999927,-11.1000000000004,-59.5,20,-357,32
14.81,0,7.17,-5.35000000000036,-4.75,-13.9500000000007,-13.7999999999993,-10.7999999999993,-11.1000000000004,-61.5,19,-359,35
11.79,0,9.74,-5.35000000000036,-6.75,-11.9500000000007,-13.7999999999993,-11.7999999999993,-10.1000000000004,-63.5,17,-359,35
10.08,0,11.55,-6.35000000000036,-7.75,-11.9500000000007,-13.7999999999993,-13.7999999999993,-10.1000000000004,-63.5,10,-357,36
8.44,0,9.55,-5.35000000000036,-8.75,-10.9500000000007,-13.7999999999993,-13.7999999999993,-9.10000000000036,-63.5,2,-356,36
6.88,0,7.21,-4.35000000000036,-8.75,-10.9500000000007,-12.7999999999993,-12.7999999999993,-9.10000000000036,-60.5,-2,-355,34
7.26,0,9.02,-5.35000000000036,-8.75,-6.95000000000073,-11.7999999999993,-11.7999999999993,-8.10000000000036,-55.5,-2,-355,30
7.47,0,11.24,-4.35000000000036,-9.75,-8.95000000000073,-11.7999999999993,-11.7999999999993,-7.10000000000036,-56.5,-4,-354,29
10.12,0,10.44,-4.35000000000036,-9.75,-7.95000000000073,-12.7999999999993,-13.7999999999993,-8.10000000000036,-58.5,-8,-354,30
12.82,0,8.75,-4.35000000000036,-9.75,-8.95000000000073,-13.7999999999993,-12.7999999999993,-9.10000000000036,-63.5,-7,-355,32
15.39,0,7.16,-5.35000000000036,-8.75,-10.9500000000007,-13.7999999999993,-12.7999999999993,-10.1000000000004,-65.5,-3,-355,35
17.26,0,5.78,-6.35000000000036,-7.75,-13.9500000000007,-13.7999999999993,-12.7999999999993,-11.1000000000004,-68.5,3,-357,37
13.55,0,4.51,-6.35000000000036,-6.75,-12.9500000000007,-13.7999999999993,-11.7999999999993,-10.1000000000004,-66.5,11,-359,38
11.24,0,3.97,-4.35000000000036,-5.75,-12.9500000000007,-12.7999999999993,-11.7999999999993,-11.1000000000004,-60.5,14,-358,36
11.35,0,5.59,-5.35000000000036,-5.75,-12.9500000000007,-11.7999999999993,-10.7999999999993,-9.10000000000036,-56.5,13,-357,33
11.65,0,8.39,-5.35000000000036,-5.75,-11.9500000000007,-12.7999999999993,-10.7999999999993,-9.10000000000036,-59.5,12,-357,31
14.11,0,11.23,-5.35000000000036,-6.75,-10.9500000000007,-12.7999999999993,-12.7999999999993,-10.1000000000004,-63.5,10,-357,33
15.18,0,12.79,-7.35000000000036,-8.75,-12.9500000000007,-15.7999999999993,-14.7999999999993,-11.1000000000004,-71.5,6,-358,36
12.01,0,10.53,-5.35000000000036,-9.75,-11.9500000000007,-15.7999999999993,-15.7999999999993,-12.1000000000004,-73.5,3,-358,41
10.16,0,7.82,-5.35000000000036,-9.75,-12.9500000000007,-14.7999999999993,-14.7999999999993,-11.1000000000004,-69.5,1,-358,40
12.44,0,5.65,-5.35000000000036,-8.75,-10.9500000000007,-12.7999999999993,-13.7999999999993,-10.1000000000004,-65.5,1,-357,36
13.75,0,4.1,-4.35000000000036,-7.75,-11.9500000000007,-13.7999999999993,-12.7999999999993,-12.1000000000004,-62.5,4,-356,35
10.52,0,5.83,-5.35000000000036,-5.75,-11.9500000000007,-12.7999999999993,-11.7999999999993,-13.1000000000004,-60.5,11,-357,34
8.99,0,5.35,-4.35000000000036,-5.75,-9.95000000000073,-11.7999999999993,-10.7999999999993,-10.1000000000004,-56.5,10,-357,32
9.52,0,6.81,-4.35000000000036,-6.75,-9.95000000000073,-11.7999999999993,-10.7999999999993,-9.10000000000036,-54.5,8,-356,29
11.38,0,8.93,-4.35000000000036,-6.75,-11.9500000000007,-12.7999999999993,-10.7999999999993,-9.10000000000036,-57.5,6,-357,29
8.96,0,8.07,-4.35000000000036,-7.75,-10.9500000000007,-13.7999999999993,-11.7999999999993,-9.10000000000036,-59.5,4,-356,32
7.81,0,7.72,-4.35000000000036,-7.75,-9.95000000000073,-11.7999999999993,-11.7999999999993,-8.10000000000036,-57.5,2,-356,32
8.16,0,9.67,-4.35000000000036,-7.75,-9.95000000000073,-11.7999999999993,-11.7999999999993,-8.10000000000036,-55.5,-1,-356,29
8.57,0,12.15,-6.35000000000036,-10.75,-7.95000000000073,-13.7999999999993,-13.7999999999993,-8.10000000000036,-59.5,-2,-354,30
12.12,0,15.35,-5.35000000000036,-10.75,-8.95000000000073,-13.7999999999993,-14.7999999999993,-8.10000000000036,-66.5,-6,-354,31
14.1,0,15.04,-6.35000000000036,-11.75,-9.95000000000073,-15.7999999999993,-15.7999999999993,-11.1000000000004,-72.5,-9,-355,37
16.99,0,16.68,-6.35000000000036,-12.75,-11.9500000000007,-16.7999999999993,-16.7999999999993,-12.1000000000004,-78.5,-8,-356,41
17.38,0,16.89,-6.35000000000036,-12.75,-12.9500000000007,-16.7999999999993,-18.7999999999993,-13.1000000000004,-83.5,-8,-357,46
13.99,0,14.02,-6.35000000000036,-13.75,-12.9500000000007,-17.7999999999993,-18.7999999999993,-12.1000000000004,-83.5,-8,-357,50
11.29,0,11.74,-7.35000000000036,-11.75,-11.9500000000007,-16.7999999999993,-18.7999999999993,-12.1000000000004,-80.5,-7,-357,48
9.38,0,12.14,-6.35000000000036,-12.75,-9.95000000000073,-15.7999999999993,-16.7999999999993,-11.1000000000004,-77.5,-7,-356,44
8.01,0,11.65,-5.35000000000036,-11.75,-8.95000000000073,-15.7999999999993,-16.7999999999993,-10.1000000000004,-72.5,-9,-355,41
9.87,0,8.9,-5.35000000000036,-10.75,-7.95000000000073,-13.7999999999993,-16.7999999999993,-10.1000000000004,-69.5,-11,-354,38
11.34,0,7.26,-5.35000000000036,-10.75,-8.95000000000073,-13.7999999999993,-14.7999999999993,-9.10000000000036,-67.5,-10,-355,36
8.81,0,8.19,-4.35000000000036,-10.75,-9.95000000000073,-13.7999999999993,-13.7999999999993,-9.10000000000036,-65.5,-3,-355,35
10.09,0,9.49,-6.35000000000036,-9.75,-9.95000000000073,-13.7999999999993,-13.7999999999993,-9.10000000000036,-62.5,-2,-355,33
13.35,0,9.57,-6.35000000000036,-8.75,-10.9500000000007,-13.7999999999993,-13.7999999999993,-9.10000000000036,-65.5,-3,-355,33
14.92,0,10.09,-4.35000000000036,-8.75,-10.9500000000007,-14.7999999999993,-13.7999999999993,-10.1000000000004,-71.5,-1,-356,36
14.22,0,9.83,-5.35000000000036,-9.75,-11.9500000000007,-16.7999999999993,-14.7999999999993,-12.1000000000004,-73.5,2,-357,39
12.85,0,9.32,-7.35000000000036,-9.75,-11.9500000000007,-15.7999999999993,-14.7999999999993,-12.1000000000004,-72.5,2,-357,40
10.27,0,6.79,-6.35000000000036,-8.75,-11.9500000000007,-14.7999999999993,-13.7999999999993,-12.1000000000004,-69.5,2,-358,39
8.7,0,4.84,-4.35000000000036,-7.75,-9.95000000000073,-13.7999999999993,-11.7999999999993,-10.1000000000004,-61.5,2,-357,36
9.18,0,6.48,-5.35000000000036,-6.75,-9.95000000000073,-12.7999999999993,-12.7999999999993,-9.10000000000036,-57.5,4,-356,31
10.09,0,8.68,-6.35000000000036,-7.75,-8.95000000000073,-13.7999999999993,-12.7999999999993,-9.10000000000036,-58.5,3,-355,30
8.12,0,7.14,-6.35000000000036,-7.75,-9.95000000000073,-13.7999999999993,-11.7999999999993,-9.10000000000036,-59.5,2,-355,31
6.66,0,5.05,-4.35000000000036,-7.75,-8.95000000000073,-12.7999999999993,-11.7999999999993,-9.10000000000036,-54.5,0,-356,31
4.68,0,6.57,-5.35000000000036,-7.75,-7.95000000000073,-11.7999999999993,-11.7999999999993,-8.10000000000036,-50.5,0,-355,27
2.93,0,8.44,-3.35000000000036,-7.75,-5.95000000000073,-11.7999999999993,-11.7999999999993,-7.10000000000036,-46.5,-2,-353,24
4.13,0,6.89,-4.35000000000036,-8.75,-4.95000000000073,-9.79999999999927,-11.7999999999993,-7.10000000000036,-45.5,-8,-352,23
7.12,0,4.95,-3.35000000000036,-7.75,-5.95000000000073,-9.79999999999927,-10.7999999999993,-6.10000000000036,-45.5,-10,-351,22
8.34,0,5.5,-4.35000000000036,-6.75,-6.95000000000073,-10.7999999999993,-9.79999999999927,-7.10000000000036,-46.5,-4,-353,22
7.77,0,6.48,-3.35000000000036,-5.75,-9.95000000000073,-10.7999999999993,-10.7999999999993,-7.10000000000036,-47.5,0,-353,24
10.6,0,9.29,-3.35000000000036,-7.75,-8.95000000000073,-10.7999999999993,-10.7999999999993,-8.10000000000036,-50.5,0,-354,24
12.48,0,11.3,-4.35000000000036,-8.75,-7.95000000000073,-12.7999999999993,-11.7999999999993,-9.10000000000036,-59.5,-1,-355,28
11.12,0,10.14,-5.35000000000036,-9.75,-8.95000000000073,-13.7999999999993,-12.7999999999993,-9.10000000000036,-62.5,-1,-355,34
10.96,0,10.13,-5.35000000000036,-9.75,-10.9500000000007,-13.7999999999993,-12.7999999999993,-9.10000000000036,-64.5,-2,-356,35
10.82,0,9.09,-5.35000000000036,-9.75,-9.95000000000073,-13.7999999999993,-13.7999999999993,-9.10000000000036,-64.5,-2,-355,35
10.27,0,7.51,-6.35000000000036,-9.75,-11.9500000000007,-14.7999999999993,-13.7999999999993,-9.10000000000036,-63.5,-2,-355,35
7.99,0,5.39,-4.35000000000036,-8.75,-8.95000000000073,-12.7999999999993,-11.7999999999993,-10.1000000000004,-59.5,-1,-355,34
6.99,0,5,-4.35000000000036,-6.75,-8.95000000000073,-11.7999999999993,-11.7999999999993,-9.10000000000036,-53.5,1,-355,30
5.4,0,6.38,-6.35000000000036,-6.75,-7.95000000000073,-10.7999999999993,-11.7999999999993,-8.10000000000036,-48.5,1,-354,26
4.51,0,8.49,-5.35000000000036,-7.75,-6.95000000000073,-10.7999999999993,-11.7999999999993,-7.10000000000036,-47.5,-1,-354,24
5.78,0,6.84,-4.35000000000036,-6.75,-4.95000000000073,-9.79999999999927,-10.7999999999993,-6.10000000000036,-46.5,-5,-353,23
8.03,0,4.95,-3.35000000000036,-6.75,-6.95000000000073,-10.7999999999993,-10.7999999999993,-6.10000000000036,-47.5,-6,-353,23
7.47,0,6.29,-3.35000000000036,-5.75,-5.95000000000073,-10.7999999999993,-9.79999999999927,-7.10000000000036,-46.5,-2,-353,24
6.91,0,8.48,-3.35000000000036,-6.75,-6.95000000000073,-9.79999999999927,-10.7999999999993,-7.10000000000036,-48.5,-1,-354,24
4.28,0,6.89,-3.35000000000036,-7.75,-5.95000000000073,-10.7999999999993,-10.7999999999993,-6.10000000000036,-47.5,-3,-354,25
2.02,0,4.37,-5.35000000000036,-6.75,-4.95000000000073,-9.79999999999927,-9.79999999999927,-6.10000000000036,-41.5,-6,-353,23
2.07,0,4.1,-2.35000000000036,-5.75,-3.95000000000073,-8.79999999999927,-8.79999999999927,-4.10000000000036,-34.5,-8,-351,19
2.35,0,3.93,-3.35000000000036,-5.75,-3.95000000000073,-7.79999999999927,-8.79999999999927,-5.10000000000036,-31.5,-7,-350,15
3.96,0,5.11,-2.35000000000036,-6.75,-2.95000000000073,-7.79999999999927,-7.79999999999927,-5.10000000000036,-30.5,-7,-350,14
6.03,0,8.1,-3.35000000000036,-5.75,-4.95000000000073,-7.79999999999927,-8.79999999999927,-5.10000000000036,-37.5,-6,-351,15
4.82,0,10.76,-2.35000000000036,-7.75,-4.95000000000073,-9.79999999999927,-10.7999999999993,-5.10000000000036,-43.5,-6,-352,19
2.68,0,12.43,-4.35000000000036,-7.75,-2.95000000000073,-10.7999999999993,-12.7999999999993,-5.10000000000036,-45.5,-9,-352,22
3.69,0,11.52,-4.35000000000036,-10.75,-2.95000000000073,-9.79999999999927,-11.7999999999993,-5.10000000000036,-46.5,-18,-351,23
6.48,0,11.72,-5.35000000000036,-10.75,-2.95000000000073,-10.7999999999993,-12.7999999999993,-5.10000000000036,-48.5,-21,-350,23
9.18,0,15.22,-3.35000000000036,-10.75,-3.95000000000073,-11.7999999999993,-13.7999999999993,-7.10000000000036,-54.5,-19,-351,26
8.56,0,15.57,-4.35000000000036,-11.75,-5.95000000000073,-13.7999999999993,-14.7999999999993,-7.10000000000036,-61.5,-19,-352,32
7.28,0,18.07,-4.35000000000036,-11.75,-6.95000000000073,-14.7999999999993,-15.7999999999993,-7.10000000000036,-65.5,-21,-352,35
5.21,0,17.16,-4.35000000000036,-13.75,-3.95000000000073,-14.7999999999993,-16.7999999999993,-7.10000000000036,-65.5,-25,-351,37
5.55,0,14.41,-4.35000000000036,-13.75,-4.95000000000073,-14.7999999999993,-16.7999999999993,-6.10000000000036,-63.5,-29,-351,36
5.71,0,11.78,-4.35000000000036,-13.75,-2.95000000000073,-14.7999999999993,-15.7999999999993,-6.10000000000036,-61.5,-29,-350,35
8.5,0,9.59,-4.35000000000036,-12.75,-4.95000000000073,-12.7999999999993,-14.7999999999993,-8.10000000000036,-60.5,-26,-350,32
10.51,0,7.41,-5.35000000000036,-10.75,-6.95000000000073,-12.7999999999993,-13.7999999999993,-7.10000000000036,-61.5,-20,-352,32
9.74,0,5.2,-5.35000000000036,-9.75,-7.95000000000073,-12.7999999999993,-12.7999999999993,-8.10000000000036,-58.5,-12,-354,32
9.54,0,3.81,-6.35000000000036,-7.75,-7.95000000000073,-11.7999999999993,-11.7999999999993,-8.10000000000036,-54.5,-5,-354,30
10.46,0,4.96,-4.35000000000036,-6.75,-8.95000000000073,-11.7999999999993,-10.7999999999993,-8.10000000000036,-52.5,0,-355,28
11.12,0,4.92,-4.35000000000036,-6.75,-9.95000000000073,-11.7999999999993,-10.7999999999993,-8.10000000000036,-53.5,3,-355,28
10.17,0,4.77,-4.35000000000036,-6.75,-9.95000000000073,-10.7999999999993,-10.7999999999993,-9.10000000000036,-53.5,5,-355,29
8.94,0,3.71,-5.35000000000036,-5.75,-9.95000000000073,-9.79999999999927,-9.79999999999927,-8.10000000000036,-51.5,6,-356,28
9.09,0,2.62,-3.35000000000036,-4.75,-9.95000000000073,-10.7999999999993,-9.79999999999927,-8.10000000000036,-46.5,6,-355,26
9.09,0,2.5,-5.35000000000036,-4.75,-8.95000000000073,-9.79999999999927,-9.79999999999927,-8.10000000000036,-45.5,8,-355,25
9.19,0,3.74,-3.35000000000036,-2.75,-9.95000000000073,-9.79999999999927,-8.79999999999927,-8.10000000000036,-44.5,10,-355,25
10.24,0,5.53,-4.35000000000036,-4.75,-8.95000000000073,-10.7999999999993,-8.79999999999927,-8.10000000000036,-46.5,10,-355,24
12.98,0,5.12,-3.35000000000036,-5.75,-11.9500000000007,-10.7999999999993,-9.79999999999927,-8.10000000000036,-50.5,8,-355,25
15.86,0,5.01,-6.35000000000036,-5.75,-10.9500000000007,-10.7999999999993,-9.79999999999927,-9.10000000000036,-55.5,10,-356,29
17,0,4.82,-4.35000000000036,-4.75,-12.9500000000007,-12.7999999999993,-10.7999999999993,-10.1000000000004,-59.5,14,-357,32
16.39,0,3.53,-4.35000000000036,-4.75,-12.9500000000007,-13.7999999999993,-9.79999999999927,-10.1000000000004,-59.5,18,-358,35
13.15,0,4.86,-6.35000000000036,-4.75,-13.9500000000007,-12.7999999999993,-9.79999999999927,-11.1000000000004,-59.5,21,-359,35
10.56,0,7.62,-4.35000000000036,-4.75,-11.9500000000007,-10.7999999999993,-10.7999999999993,-11.1000000000004,-57.5,19,-358,34
8.69,0,10.35,-5.35000000000036,-6.75,-9.95000000000073,-12.7999999999993,-11.7999999999993,-10.1000000000004,-58.5,13,-357,32
7.67,0,12.83,-3.35000000000036,-7.75,-9.95000000000073,-13.7999999999993,-12.7999999999993,-9.10000000000036,-60.5,5,-356,32
10.04,0,15.58,-4.35000000000036,-9.75,-8.95000000000073,-13.7999999999993,-14.7999999999993,-9.10000000000036,-63.5,-5,-355,33
13.04,0,17.54,-4.35000000000036,-11.75,-8.95000000000073,-14.7999999999993,-15.7999999999993,-9.10000000000036,-69.5,-11,-355,36
15.76,0,15.2,-5.35000000000036,-12.75,-10.9500000000007,-16.7999999999993,-17.7999999999993,-11.1000000000004,-77.5,-14,-355,41
17.69,0,13.16,-6.35000000000036,-12.75,-11.9500000000007,-17.7999999999993,-17.7999999999993,-11.1000000000004,-81.5,-12,-356,45
16.87,0,16.53,-6.35000000000036,-11.75,-12.9500000000007,-18.7999999999993,-17.7999999999993,-12.1000000000004,-82.5,-6,-357,47
16.67,0,17.5,-7.35000000000036,-12.75,-12.9500000000007,-18.7999999999993,-18.7999999999993,-13.1000000000004,-85.5,-5,-358,49
16.47,0,14.37,-7.35000000000036,-12.75,-13.9500000000007,-18.7999999999993,-18.7999999999993,-14.1000000000004,-86.5,-8,-357,51
15.01,0,11.85,-7.35000000000036,-12.75,-14.9500000000007,-17.7999999999993,-17.7999999999993,-13.1000000000004,-85.5,-7,-358,51
12,0,9.92,-7.35000000000036,-12.75,-12.9500000000007,-17.7999999999993,-17.7999999999993,-12.1000000000004,-81.5,-4,-358,49
10.41,0,7.86,-7.35000000000036,-10.75,-11.9500000000007,-15.7999999999993,-15.7999999999993,-12.1000000000004,-76.5,-4,-357,44
11.63,0,6.32,-5.35000000000036,-9.75,-11.9500000000007,-15.7999999999993,-14.7999999999993,-11.1000000000004,-71.5,-2,-356,39
11.5,0,6.97,-7.35000000000036,-8.75,-12.9500000000007,-13.7999999999993,-13.7999999999993,-11.1000000000004,-67.5,2,-357,37
13.2,0,8.88,-7.35000000000036,-8.75,-11.9500000000007,-13.7999999999993,-12.7999999999993,-11.1000000000004,-66.5,3,-357,35
14.52,0,11.14,-6.35000000000036,-8.75,-13.9500000000007,-14.7999999999993,-13.7999999999993,-11.1000000000004,-71.5,4,-357,37
15.3,0,9.69,-6.35000000000036,-9.75,-12.9500000000007,-16.7999999999993,-14.7999999999993,-12.1000000000004,-75.5,3,-357,39
15,0,8.84,-5.35000000000036,-8.75,-13.9500000000007,-15.7999999999993,-14.7999999999993,-12.1000000000004,-74.5,3,-358,41
12.19,0,6.59,-6.35000000000036,-8.75,-12.9500000000007,-14.7999999999993,-13.7999999999993,-12.1000000000004,-72.5,6,-359,41
9.98,0,4.85,-5.35000000000036,-7.75,-11.9500000000007,-13.7999999999993,-12.7999999999993,-12.1000000000004,-66.5,7,-358,38
7.96,0,5.36,-5.35000000000036,-7.75,-10.9500000000007,-12.7999999999993,-11.7999999999993,-10.1000000000004,-59.5,7,-357,34
8.24,0,5.55,-4.35000000000036,-6.75,-8.95000000000073,-12.7999999999993,-11.7999999999993,-9.10000000000036,-55.5,6,-356,30
11.55,0,7.26,-4.35000000000036,-6.75,-9.95000000000073,-11.7999999999993,-10.7999999999993,-10.1000000000004,-56.5,4,-355,28
11.2,0,9.47,-5.35000000000036,-7.75,-10.9500000000007,-12.7999999999993,-12.7999999999993,-9.10000000000036,-60.5,5,-356,30
8.9,0,8.52,-5.35000000000036,-8.75,-9.95000000000073,-13.7999999999993,-13.7999999999993,-9.10000000000036,-62.5,3,-356,33
7.49,0,6.77,-5.35000000000036,-7.75,-10.9500000000007,-12.7999999999993,-12.7999999999993,-9.10000000000036,-59.5,0,-356,33
7.72,0,8.48,-5.35000000000036,-8.75,-8.95000000000073,-12.7999999999993,-12.7999999999993,-9.10000000000036,-56.5,-1,-354,29
7.91,0,11.32,-4.35000000000036,-8.75,-7.95000000000073,-12.7999999999993,-12.7999999999993,-8.10000000000036,-56.5,-3,-355,29
6.7,0,14.14,-4.35000000000036,-10.75,-7.95000000000073,-13.7999999999993,-14.7999999999993,-8.10000000000036,-61.5,-6,-354,30
4.18,0,15.89,-5.35000000000036,-11.75,-5.95000000000073,-13.7999999999993,-14.7999999999993,-7.10000000000036,-64.5,-12,-353,32
1.73,0,15.24,-4.35000000000036,-12.75,-3.95000000000073,-12.7999999999993,-15.7999999999993,-6.10000000000036,-61.5,-21,-352,32
2.35,0,15.05,-4.35000000000036,-12.75,-2.95000000000073,-11.7999999999993,-15.7999999999993,-5.10000000000036,-60.5,-27,-350,31
2.75,0,14.8,-4.35000000000036,-13.75,-2.95000000000073,-12.7999999999993,-15.7999999999993,-5.10000000000036,-59.5,-31,-349,30
4.59,0,14.16,-4.35000000000036,-13.75,-2.95000000000073,-13.7999999999993,-16.7999999999993,-5.10000000000036,-60.5,-32,-348,29
3.93,0,13.95,-4.35000000000036,-13.75,-1.95000000000073,-12.7999999999993,-16.7999999999993,-6.10000000000036,-59.5,-30,-349,30
1.62,0,12.2,-3.35000000000036,-13.75,-2.95000000000073,-12.7999999999993,-15.7999999999993,-5.10000000000036,-57.5,-29,-349,30
2.76,0,9.96,-4.35000000000036,-11.75,-2.95000000000073,-10.7999999999993,-14.7999999999993,-5.10000000000036,-52.5,-30,-348,27
4.74,0,9.13,-3.35000000000036,-10.75,-1.95000000000073,-10.7999999999993,-13.7999999999993,-6.10000000000036,-51.5,-27,-349,25
3.91,0,9.91,-3.35000000000036,-10.75,-3.95000000000073,-11.7999999999993,-12.7999999999993,-6.10000000000036,-50.5,-22,-350,25
1.71,0,10.69,-3.35000000000036,-11.75,-3.95000000000073,-10.7999999999993,-12.7999999999993,-5.10000000000036,-49.5,-21,-350,25
2.67,0,9.81,-2.35000000000036,-10.75,-1.95000000000073,-9.79999999999927,-13.7999999999993,-5.10000000000036,-47.5,-23,-349,23
5.36,0,7.97,-3.35000000000036,-10.75,-2.95000000000073,-10.7999999999993,-12.7999999999993,-5.10000000000036,-47.5,-23,-349,22
8,0,5.65,-3.35000000000036,-8.75,-3.95000000000073,-10.7999999999993,-11.7999999999993,-6.10000000000036,-49.5,-19,-350,23
10.28,0,3.73,-3.35000000000036,-7.75,-6.95000000000073,-10.7999999999993,-11.7999999999993,-7.10000000000036,-49.5,-11,-352,24
11.46,0,1.77,-3.35000000000036,-5.75,-7.95000000000073,-11.7999999999993,-9.79999999999927,-8.10000000000036,-50.5,-3,-354,25
11.17,0,1.45,-4.35000000000036,-4.75,-9.95000000000073,-10.7999999999993,-9.79999999999927,-9.10000000000036,-48.5,6,-355,26
11.02,0,2.71,-4.35000000000036,-3.75,-9.95000000000073,-9.79999999999927,-8.79999999999927,-8.10000000000036,-47.5,11,-355,26
12.22,0,5.41,-3.35000000000036,-4.75,-9.95000000000073,-10.7999999999993,-8.79999999999927,-9.10000000000036,-49.5,12,-355,26
15.5,0,7.91,-6.35000000000036,-4.75,-11.9500000000007,-11.7999999999993,-9.79999999999927,-8.10000000000036,-56.5,11,-356,28
17.71,0,10.63,-6.35000000000036,-6.75,-12.9500000000007,-14.7999999999993,-12.7999999999993,-11.1000000000004,-64.5,11,-357,33
13.85,0,10.5,-5.35000000000036,-7.75,-12.9500000000007,-15.7999999999993,-12.7999999999993,-11.1000000000004,-70.5,10,-358,39
11.01,0,10.34,-7.35000000000036,-8.75,-11.9500000000007,-14.7999999999993,-13.7999999999993,-11.1000000000004,-70.5,7,-359,40
8.99,0,10.08,-5.35000000000036,-8.75,-10.9500000000007,-14.7999999999993,-14.7999999999993,-10.1000000000004,-69.5,2,-358,39
7.36,0,9.82,-4.35000000000036,-9.75,-8.95000000000073,-13.7999999999993,-13.7999999999993,-9.10000000000036,-64.5,-1,-357,36
5.16,0,11.7,-5.35000000000036,-9.75,-7.95000000000073,-12.7999999999993,-13.7999999999993,-8.10000000000036,-61.5,-6,-355,33
4.76,0,13.39,-4.35000000000036,-10.75,-6.95000000000073,-12.7999999999993,-14.7999999999993,-7.10000000000036,-59.5,-10,-353,31
7.02,0,16.41,-4.35000000000036,-10.75,-4.95000000000073,-13.7999999999993,-15.7999999999993,-7.10000000000036,-62.5,-17,-352,30
9.32,0,18.33,-4.35000000000036,-12.75,-6.95000000000073,-13.7999999999993,-16.7999999999993,-8.10000000000036,-70.5,-22,-352,34
8.61,0,16.01,-6.35000000000036,-14.75,-7.95000000000073,-15.7999999999993,-16.7999999999993,-8.10000000000036,-73.5,-24,-353,38
6.6,0,15.47,-5.35000000000036,-14.75,-6.95000000000073,-15.7999999999993,-16.7999999999993,-8.10000000000036,-72.5,-25,-352,39
6.59,0,12.4,-4.35000000000036,-13.75,-6.95000000000073,-15.7999999999993,-16.7999999999993,-8.10000000000036,-69.5,-26,-352,38
6.04,0,10.12,-5.35000000000036,-12.75,-6.95000000000073,-13.7999999999993,-15.7999999999993,-8.10000000000036,-66.5,-24,-351,36
7.44,0,8.11,-5.35000000000036,-10.75,-5.95000000000073,-12.7999999999993,-15.7999999999993,-8.10000000000036,-60.5,-20,-351,32
10.19,0,6.56,-4.35000000000036,-9.75,-7.95000000000073,-12.7999999999993,-13.7999999999993,-8.10000000000036,-59.5,-17,-352,30
10.59,0,7.85,-4.35000000000036,-8.75,-8.95000000000073,-12.7999999999993,-12.7999999999993,-9.10000000000036,-59.5,-9,-354,30
10.92,0,8.17,-4.35000000000036,-9.75,-9.95000000000073,-12.7999999999993,-12.7999999999993,-9.10000000000036,-61.5,-4,-355,32
13.59,0,6.75,-6.35000000000036,-8.75,-10.9500000000007,-13.7999999999993,-14.7999999999993,-10.1000000000004,-62.5,-3,-355,33
16.36,0,4.95,-5.35000000000036,-7.75,-11.9500000000007,-14.7999999999993,-12.7999999999993,-11.1000000000004,-64.5,1,-356,34
16.28,0,6.86,-5.35000000000036,-6.75,-11.9500000000007,-13.7999999999993,-11.7999999999993,-12.1000000000004,-66.5,8,-357,36
15.73,0,9.8,-5.35000000000036,-6.75,-13.9500000000007,-14.7999999999993,-12.7999999999993,-13.1000000000004,-70.5,13,-358,38
18.41,0,11.34,-6.35000000000036,-8.75,-12.9500000000007,-15.7999999999993,-14.7999999999993,-12.1000000000004,-74.5,10,-358,41
17.76,0,12.37,-6.35000000000036,-9.75,-13.9500000000007,-16.7999999999993,-14.7999999999993,-13.1000000000004,-77.5,9,-359,43
15.12,0,14.25,-6.35000000000036,-9.75,-12.9500000000007,-15.7999999999993,-15.7999999999993,-13.1000000000004,-78.5,8,-359,45
15.46,0,14.61,-6.35000000000036,-10.75,-15.9500000000007,-17.7999999999993,-16.7999999999993,-13.1000000000004,-81.5,3,-358,46
12.2,0,14.6,-6.35000000000036,-11.75,-12.9500000000007,-16.7999999999993,-17.7999999999993,-12.1000000000004,-80.5,-1,-358,47
10.16,0,14.7,-6.35000000000036,-11.75,-11.9500000000007,-16.7999999999993,-16.7999999999993,-12.1000000000004,-79.5,-5,-357,45
8.49,0,14.31,-6.35000000000036,-12.75,-9.95000000000073,-15.7999999999993,-17.7999999999993,-11.1000000000004,-75.5,-10,-356,43
7.32,0,13.78,-5.35000000000036,-11.75,-9.95000000000073,-15.7999999999993,-17.7999999999993,-9.10000000000036,-72.5,-13,-355,40
8.16,0,12.75,-5.35000000000036,-12.75,-7.95000000000073,-15.7999999999993,-16.7999999999993,-10.1000000000004,-69.5,-17,-354,37
7.96,0,12.28,-6.35000000000036,-11.75,-6.95000000000073,-14.7999999999993,-15.7999999999993,-8.10000000000036,-67.5,-16,-353,36
10.17,0,13.08,-5.35000000000036,-10.75,-7.95000000000073,-15.7999999999993,-15.7999999999993,-8.10000000000036,-68.5,-15,-353,35
12.13,0,14.8,-5.35000000000036,-11.75,-10.9500000000007,-13.7999999999993,-16.7999999999993,-10.1000000000004,-72.5,-14,-354,36
9.8,0,16.26,-5.35000000000036,-12.75,-8.95000000000073,-14.7999999999993,-16.7999999999993,-10.1000000000004,-74.5,-13,-355,40
8.11,0,15.88,-6.35000000000036,-13.75,-8.95000000000073,-16.7999999999993,-16.7999999999993,-10.1000000000004,-74.5,-15,-354,41
10.34,0,13.23,-5.35000000000036,-12.75,-8.95000000000073,-16.7999999999993,-16.7999999999993,-9.10000000000036,-73.5,-19,-353,39
12.38,0,10.82,-7.35000000000036,-12.75,-8.95000000000073,-15.7999999999993,-16.7999999999993,-11.1000000000004,-73.5,-19,-353,39
10.23,0,8.79,-5.35000000000036,-10.75,-8.95000000000073,-15.7999999999993,-15.7999999999993,-11.1000000000004,-71.5,-12,-355,39
10.21,0,6.87,-5.35000000000036,-9.75,-7.95000000000073,-13.7999999999993,-14.7999999999993,-10.1000000000004,-66.5,-8,-355,37
10.91,0,4.81,-6.35000000000036,-8.75,-9.95000000000073,-12.7999999999993,-12.7999999999993,-9.10000000000036,-61.5,-5,-355,33
11.02,0,3.48,-5.35000000000036,-7.75,-9.95000000000073,-12.7999999999993,-11.7999999999993,-10.1000000000004,-57.5,1,-355,31
9.3,0,4.45,-5.35000000000036,-5.75,-9.95000000000073,-10.7999999999993,-10.7999999999993,-9.10000000000036,-53.5,7,-356,29
7.48,0,6.26,-6.35000000000036,-5.75,-8.95000000000073,-10.7999999999993,-9.79999999999927,-9.10000000000036,-50.5,8,-356,28
8.5,0,5.06,-4.35000000000036,-6.75,-9.95000000000073,-10.7999999999993,-10.7999999999993,-8.10000000000036,-49.5,4,-355,26
8.06,0,2.5,-4.35000000000036,-5.75,-8.95000000000073,-10.7999999999993,-9.79999999999927,-8.10000000000036,-46.5,4,-354,25
10.2,0,1.6,-3.35000000000036,-2.75,-8.95000000000073,-9.79999999999927,-8.79999999999927,-8.10000000000036,-44.5,7,-354,23
12.19,0,2.1,-5.35000000000036,-3.75,-10.9500000000007,-9.79999999999927,-6.79999999999927,-9.10000000000036,-44.5,10,-355,22
9.79,0,3.38,-4.35000000000036,-3.75,-9.95000000000073,-10.7999999999993,-7.79999999999927,-8.10000000000036,-45.5,15,-356,24
7.96,0,6.05,-4.35000000000036,-3.75,-9.95000000000073,-10.7999999999993,-8.79999999999927,-8.10000000000036,-46.5,15,-356,24
10.19,0,8.5,-4.35000000000036,-5.75,-8.95000000000073,-10.7999999999993,-9.79999999999927,-9.10000000000036,-46.5,10,-356,24
12.93,0,11.06,-5.35000000000036,-7.75,-9.95000000000073,-12.7999999999993,-10.7999999999993,-9.10000000000036,-55.5,5,-355,26
15.85,0,10.92,-4.35000000000036,-7.75,-9.95000000000073,-13.7999999999993,-12.7999999999993,-10.1000000000004,-62.5,3,-356,32
17.7,0,11.54,-5.35000000000036,-7.75,-13.9500000000007,-15.7999999999993,-13.7999999999993,-11.1000000000004,-68.5,3,-357,37
14.05,0,14.35,-6.35000000000036,-9.75,-12.9500000000007,-15.7999999999993,-14.7999999999993,-13.1000000000004,-73.5,6,-359,41
11.4,0,15.32,-7.35000000000036,-10.75,-10.9500000000007,-15.7999999999993,-16.7999999999993,-12.1000000000004,-76.5,2,-358,43
9.72,0,14.37,-6.35000000000036,-11.75,-9.95000000000073,-15.7999999999993,-16.7999999999993,-11.1000000000004,-75.5,-5,-356,43
8.21,0,14.12,-6.35000000000036,-11.75,-8.95000000000073,-15.7999999999993,-16.7999999999993,-10.1000000000004,-72.5,-10,-356,41
8.74,0,14.15,-7.35000000000036,-11.75,-9.95000000000073,-15.7999999999993,-16.7999999999993,-9.10000000000036,-71.5,-13,-354,38
8.85,0,14.27,-5.35000000000036,-11.75,-7.95000000000073,-14.7999999999993,-16.7999999999993,-10.1000000000004,-70.5,-15,-354,37
7.63,0,12.01,-6.35000000000036,-10.75,-7.95000000000073,-15.7999999999993,-16.7999999999993,-9.10000000000036,-69.5,-16,-354,37
5.84,0,9.68,-6.35000000000036,-11.75,-5.95000000000073,-12.7999999999993,-16.7999999999993,-9.10000000000036,-64.5,-15,-353,35
6.19,0,7.76,-5.35000000000036,-10.75,-6.95000000000073,-11.7999999999993,-14.7999999999993,-7.10000000000036,-58.5,-15,-353,32
6.24,0,6.22,-4.35000000000036,-9.75,-6.95000000000073,-11.7999999999993,-12.7999999999993,-7.10000000000036,-53.5,-12,-353,28
5.08,0,6.92,-6.35000000000036,-7.75,-5.95000000000073,-10.7999999999993,-11.7999999999993,-7.10000000000036,-50.5,-7,-353,26
4.26,0,7.21,-4.35000000000036,-7.75,-4.95000000000073,-9.79999999999927,-10.7999999999993,-7.10000000000036,-45.5,-7,-353,24
6.43,0,9.95,-4.35000000000036,-7.75,-4.95000000000073,-10.7999999999993,-10.7999999999993,-7.10000000000036,-45.5,-9,-352,21
9.31,0,12.07,-4.35000000000036,-8.75,-6.95000000000073,-11.7999999999993,-12.7999999999993,-8.10000000000036,-53.5,-10,-353,23
11.09,0,11.27,-4.35000000000036,-8.75,-6.95000000000073,-12.7999999999993,-12.7999999999993,-8.10000000000036,-58.5,-10,-353,29
11.16,0,11.05,-4.35000000000036,-10.75,-7.95000000000073,-13.7999999999993,-14.7999999999993,-9.10000000000036,-62.5,-7,-354,32
14,0,13.56,-4.35000000000036,-10.75,-10.9500000000007,-15.7999999999993,-14.7999999999993,-10.1000000000004,-66.5,-6,-355,35
17.08,0,16.99,-6.35000000000036,-11.75,-10.9500000000007,-15.7999999999993,-15.7999999999993,-11.1000000000004,-75.5,-6,-356,37
16.04,0,17.98,-6.35000000000036,-12.75,-12.9500000000007,-17.7999999999993,-18.7999999999993,-13.1000000000004,-81.5,-7,-358,44
15.93,0,17.6,-7.35000000000036,-13.75,-12.9500000000007,-18.7999999999993,-18.7999999999993,-13.1000000000004,-84.5,-9,-358,48
13.81,0,15.36,-7.35000000000036,-13.75,-11.9500000000007,-17.7999999999993,-18.7999999999993,-12.1000000000004,-85.5,-11,-358,49
12.05,0,14.06,-7.35000000000036,-13.75,-11.9500000000007,-17.7999999999993,-18.7999999999993,-13.1000000000004,-81.5,-11,-357,48
9.92,0,11.61,-7.35000000000036,-12.75,-10.9500000000007,-16.7999999999993,-17.7999999999993,-11.1000000000004,-78.5,-11,-357,45
8.44,0,10.3,-5.35000000000036,-11.75,-9.95000000000073,-15.7999999999993,-16.7999999999993,-11.1000000000004,-72.5,-11,-356,41
6.44,0,11.97,-5.35000000000036,-11.75,-8.95000000000073,-14.7999999999993,-16.7999999999993,-9.10000000000036,-68.5,-10,-354,37
4.81,0,11.8,-5.35000000000036,-11.75,-6.95000000000073,-13.7999999999993,-15.7999999999993,-9.10000000000036,-64.5,-13,-355,34
5.36,0,13.13,-5.35000000000036,-11.75,-6.95000000000073,-13.7999999999993,-15.7999999999993,-8.10000000000036,-61.5,-17,-353,31
5.59,0,14.66,-5.35000000000036,-11.75,-5.95000000000073,-12.7999999999993,-15.7999999999993,-8.10000000000036,-62.5,-19,-353,30
8.04,0,17.27,-4.35000000000036,-12.75,-3.95000000000073,-13.7999999999993,-16.7999999999993,-7.10000000000036,-65.5,-22,-352,31
10.67,0,17.55,-4.35000000000036,-13.75,-6.95000000000073,-14.7999999999993,-17.7999999999993,-8.10000000000036,-71.5,-25,-352,34
13.16,0,18.3,-5.35000000000036,-13.75,-7.95000000000073,-15.7999999999993,-17.7999999999993,-10.1000000000004,-76.5,-24,-352,39
14.74,0,18.59,-6.35000000000036,-14.75,-8.95000000000073,-17.7999999999993,-19.7999999999993,-11.1000000000004,-81.5,-21,-353,43
11.47,0,17.48,-6.35000000000036,-14.75,-10.9500000000007,-17.7999999999993,-19.7999999999993,-11.1000000000004,-83.5,-19,-355,48
11.44,0,16.76,-6.35000000000036,-14.75,-9.95000000000073,-17.7999999999993,-18.7999999999993,-11.1000000000004,-82.5,-19,-354,47
9.28,0,14.07,-7.35000000000036,-15.75,-9.95000000000073,-17.7999999999993,-18.7999999999993,-10.1000000000004,-79.5,-20,-354,46
7.57,0,11.73,-6.35000000000036,-13.75,-7.95000000000073,-14.7999999999993,-17.7999999999993,-10.1000000000004,-75.5,-20,-353,42
5.55,0,10.02,-5.35000000000036,-12.75,-6.95000000000073,-14.7999999999993,-15.7999999999993,-9.10000000000036,-68.5,-19,-353,38
3.78,0,9.07,-5.35000000000036,-11.75,-4.95000000000073,-12.7999999999993,-15.7999999999993,-8.10000000000036,-59.5,-19,-352,33
4.74,0,8.28,-6.35000000000036,-10.75,-4.95000000000073,-11.7999999999993,-13.7999999999993,-7.10000000000036,-55.5,-18,-351,28
6.31,0,7.22,-4.35000000000036,-10.75,-5.95000000000073,-11.7999999999993,-12.7999999999993,-8.10000000000036,-53.5,-15,-351,27
5.86,0,5.25,-5.35000000000036,-8.75,-6.95000000000073,-10.7999999999993,-11.7999999999993,-8.10000000000036,-50.5,-11,-352,25
4.13,0,3.53,-4.35000000000036,-7.75,-6.95000000000073,-9.79999999999927,-10.7999999999993,-7.10000000000036,-43.5,-7,-352,23
4.37,0,4.27,-3.35000000000036,-5.75,-4.95000000000073,-9.79999999999927,-9.79999999999927,-6.10000000000036,-39.5,-6,-353,19
4.42,0,4.89,-4.35000000000036,-6.75,-5.95000000000073,-7.79999999999927,-8.79999999999927,-6.10000000000036,-37.5,-5,-352,19
5.98,0,7.66,-5.35000000000036,-6.75,-4.95000000000073,-9.79999999999927,-9.79999999999927,-6.10000000000036,-39.5,-4,-351,17
8.24,0,9.81,-4.35000000000036,-7.75,-6.95000000000073,-9.79999999999927,-11.7999999999993,-7.10000000000036,-45.5,-6,-352,19
7.2,0,8.82,-6.35000000000036,-8.75,-5.95000000000073,-10.7999999999993,-11.7999999999993,-7.10000000000036,-49.5,-6,-353,25
4.53,0,7.77,-4.35000000000036,-7.75,-6.95000000000073,-10.7999999999993,-11.7999999999993,-7.10000000000036,-48.5,-7,-353,25
3.17,0,9.23,-3.35000000000036,-8.75,-5.95000000000073,-10.7999999999993,-11.7999999999993,-6.10000000000036,-45.5,-9,-352,23
